dataset_id,name,program,category,availability,source_url,local_path,sha256,extraction_notes
ahc-model,Accountable Health Communities Model,"Medicare, Medicaid",Special Programs,May 2018-April 2023,https://resdac.org/cms-data/files/ahc-model,data/raw/html/dataset_page/1c35797b5493f4e27d3fcca1632661f8063b4618.html,0dcf593ba2c3953985524386d3974d9c0d2ddd65002e1e65fa0cbc5d2a7a748c,
ahcah-hospital,Acute Hospital Care at Home - Hospital,Medicare,Special Programs,Release 1: November 2020-March 2023Release 2: April 2023-September 2025,https://resdac.org/cms-data/files/ahcah-hospital,data/raw/html/dataset_page/1bc1428ed5b3cd286fd5e01f6f6ec6c9bfcd5ca4.html,2b19df4eda3b98e72a427b6dd86592dbaa58c53f48aa94abca27c14c51f4356c,
ahcah-patient,Acute Hospital Care at Home - Patient,"Medicare, Medicaid",Special Programs,Release 1: November 2020-March 2023Release 2: April 2023-September 2025,https://resdac.org/cms-data/files/ahcah-patient,data/raw/html/dataset_page/e4e7d441e332e7ddf0868ff151091dc1906c9165.html,31809acd6dd23245c353e6cfa17984967cf631529749620c810a785a31443c62,
cahps,Consumer Assessment of Healthcare Providers & Systems,Medicare,Survey,2015-20192021-2025,https://resdac.org/cms-data/files/cahps,data/raw/html/dataset_page/4ea2b9eba73e8e42fe95c34773820b28b0ae4def.html,23271ce4c0cd722c6579ea9dd9c877c954726f96c723c4c12d27127506c6b7ba,
carrier-encounter,Encounter Carrier,Medicare,Medicare Encounter,2015-2023Preliminary 2024,https://resdac.org/cms-data/files/carrier-encounter?page=1,data/raw/html/dataset_page/3fc3fad128988cbf5f0a1b39005e72e895d911c4.html,8146296e2face1b9bb8a127819a3e5a1e9e29acc3f5c136d12bccfe58d3b2ae9,
carrier-ffs,Original Medicare (Fee-for-Service) Carrier,Medicare,Medicare Fee-For-Service Claims,Annual: 1999-2024Quarterly: 2024 Q1-Q4; 2025 Q1-Q3Monthly*: 2025 and 2026,https://resdac.org/cms-data/files/carrier-ffs?page=1,data/raw/html/dataset_page/a0834096ab82dc7c9a202c8f0be41ea79431fc37.html,f9e729f178a66cbca47dbb93f6bdf0c44ab14ce520f076b8c36ec7868809e8e1,
cec-beneficiary,Comprehensive ESRD Care Model - Beneficiary,Medicare,Beneficiary Enrollment and Summary,October 2015-2020,https://resdac.org/cms-data/files/cec-beneficiary,data/raw/html/dataset_page/7ffb06ad7fac8c92018706113a0d19ecec652fb2.html,0dffc767dd4bbed47e2f3d422627e42942a5bef0111b32433bca8c0684d5ac44,
cec-provider,Comprehensive ESRD Care Model - Provider,Medicare,Plan and Provider,October 2015-2020,https://resdac.org/cms-data/files/cec-provider,data/raw/html/dataset_page/a1cc7713cc9e8cb23fc129b4faf71274faea54dc.html,a1b19f8d1c7fed5a5f8674a410cdbf8b1588f3ecfbac86a96b51db91b10e23f3,
cmds-beneficiary,CMMI Model Data Sharing Beneficiary,Medicare,Special Programs,2016-2025 Q1,https://resdac.org/cms-data/files/cmds-beneficiary,data/raw/html/dataset_page/d48a69cecaed5ae7646e6ef39ac98789b97bdbc6.html,51fb7cce05ebd231bffcb683f531a5b9945bc64b824b014d041f178f2ee41c9e,
cmds-entity,CMMI Model Data Sharing Entity,Medicare,Special Programs,2016-2025 Q1,https://resdac.org/cms-data/files/cmds-entity,data/raw/html/dataset_page/fe306019948692b5209277e7fd3e0aeb53e463a9.html,7d4e0701778b6043647df27edd373a67e0149d66071737f0b169ac99007af873,
cmds-provider,CMMI Model Data Sharing Provider,Medicare,Special Programs,2016-2025 Q1,https://resdac.org/cms-data/files/cmds-provider,data/raw/html/dataset_page/d29088b3a0ca3b7bd57bfb2ce420ed5854cd27de.html,c13431e6e5ce03a87d74ec7bb9535c0cd8cd87703e24476273d88de487e87eba,
cmmi-model-data-sharing-cmds-model-participation-data-initiative,CMMI Model Data Sharing (CMDS) Model Participation Data Initiative,Medicare,Special Programs,2016-2025 Q1,https://resdac.org/cms-data/files/cmmi-model-data-sharing-cmds-model-participation-data-initiative,data/raw/html/dataset_page/384107f331e2563369c38318d900e43172d43a4c.html,5f1a041a02a84dc6db1a00a6300b33902a0ca99d1c2fd5934ebf983685752d1a,
dme-encounter,Encounter Durable Medical Equipment,Medicare,Medicare Encounter,2015-2023Preliminary 2024,https://resdac.org/cms-data/files/dme-encounter?page=1,data/raw/html/dataset_page/0c2a4f81a325635749c0d9ab9fa80b2ffcc04d1f.html,4f68e2c60eb3ca8c4ad914ee1ebcc1417c07859105fb5e69cbac39cc358db969,
dme-ffs,Original Medicare (Fee-for-Service) Durable Medical Equipment,Medicare,Medicare Fee-For-Service Claims,Annual: 1999-2024Quarterly: 2024 Q1-Q4; 2025 Q1-Q3Monthly*: 2025 and 2026,https://resdac.org/cms-data/files/dme-ffs?page=1,data/raw/html/dataset_page/73815f5de3bc34dd965c74a2be1645c77b831246.html,6337b58092dcb94f3b807c229904bc908c9a177850db56cab7aa567104ea68a1,
hedis-rif,Healthcare Effectiveness Data and Information Set (HEDIS),Medicare,"Beneficiary Enrollment and Summary, Plan and Provider",2015-2021**,https://resdac.org/cms-data/files/hedis-rif,data/raw/html/dataset_page/53c762b9d98cbbd768630ecf1a91b72fe35aefeb.html,cbddf693939f58568ffc12152da9630e4b035f8bdfe30206fa162decd5abade6,
hedis-rif-measures,Healthcare Effectiveness Data and Information Set (HEDIS) File 1: Measures File (does not include Plan All-Cause Readmission measure),Medicare,"Beneficiary Enrollment and Summary, Plan and Provider",2015-2021**,https://resdac.org/cms-data/files/hedis-rif-measures,data/raw/html/dataset_page/3f56579b8b9f43846fb5661b62bd296a42d69806.html,d381a94ad299b001f49fdab10ecfade546a3a9c64a4c20aaec1e535c01906e5d,
hedis-rif-pcr-measure,Healthcare Effectiveness Data and Information Set (HEDIS) File 2: Plan All-Cause Readmission (PCR) Measure,Medicare,"Beneficiary Enrollment and Summary, Plan and Provider",2015-2021**,https://resdac.org/cms-data/files/hedis-rif-pcr-measure,data/raw/html/dataset_page/21d6d237c32fea07af50f6e40ad3e0e6d3a0d116.html,4b16625e45986b88a8ebb4dbf19502ba579d93749ec0c6c48a0cf25154210bf1,
hha-encounter,Encounter Home Health Agency,Medicare,Medicare Encounter,2015-2023Preliminary 2024,https://resdac.org/cms-data/files/hha-encounter?page=2,data/raw/html/dataset_page/22e3288d3f760638d04abe30249e6d2f960989ad.html,aa88d5b8c89129dd068ee76a5f95701f73f3a0f97abf330bb07fa0acdf1aed89,
hha-ffs,Original Medicare (Fee-for-Service) Home Health Agency,Medicare,Medicare Fee-For-Service Claims,Annual: 1999-2024Quarterly: 2024 Q1-Q4; 2025 Q1-Q3Monthly*: 2025 and 2026,https://resdac.org/cms-data/files/hha-ffs?page=1,data/raw/html/dataset_page/8f78db76414be1060cc9feced2e94189785a9386.html,4c223d8d9199a8f1c33f28a45d5367ae578baf5f90851530b73a2f9f6d014954,
hos-rif,Health Outcomes Survey,Medicare,Survey,Cohort 18 (2015-2017) - Cohort 25 (2022-2024),https://resdac.org/cms-data/files/hos-rif,data/raw/html/dataset_page/3a2d6aac3217a98f46050a67c7808ce6efaf14ee.html,a0b686fbc6e5b22243648026ec4073fec5120209f708223b705103774a196cb0,
hospice-ffs,Original Medicare (Fee-for-Service) Hospice,Medicare,Medicare Fee-For-Service Claims,Annual: 1999-2024Quarterly: 2024 Q1-Q4; 2025 Q1-Q3Monthly*: 2025 and 2026,https://resdac.org/cms-data/files/hospice-ffs?page=1,data/raw/html/dataset_page/dbaf3aed47201c3fc4db788b6db09a84cd3fe53c.html,49889d4cde6477d17406a5b74412c63e90ac8efba99783ae5758863e102a310e,
hrs-medicare,Health and Retirement Survey - Medicare Linked Data,Medicare,"Linked, Survey",CY 1991-2015,https://resdac.org/cms-data/files/hrs-medicare,data/raw/html/dataset_page/56f0128f13eefc2a0c19fceb47f11980630a1d88.html,102b07247b360a65763f2aecb0bf64f1abbe1e62462e131dac061054ff5f4589,
ip-encounter,Encounter Inpatient,Medicare,Medicare Encounter,2015-2023Preliminary 2024,https://resdac.org/cms-data/files/ip-encounter?page=1,data/raw/html/dataset_page/e5f45c1825ba4b2fabf81ff96515fb26076640eb.html,d3e6ab6186a38bb30ebc0f7ec86ea9a02565121fda5f673b61ab805003c647e9,
ip-ffs,Original Medicare (Fee-for-Service) Inpatient,Medicare,Medicare Fee-For-Service Claims,Annual: 1999-2024Quarterly: 2024 Q1-Q4; 2025 Q1-Q3Monthly*: 2025 and 2026,https://resdac.org/cms-data/files/ip-ffs?page=1,data/raw/html/dataset_page/5e06938543c28635217c25080fa7c1e2252f9b43.html,2bbe94515c3b2b561ad553f298b949fb4380fd813bdd86320f70db930d02a930,
irf-pai,Inpatient Rehab Facility-Patient Assessment Instrument,Medicare,Assessment,Annual: 2002-2024Monthly*: 2025 and 2026,https://resdac.org/cms-data/files/irf-pai?page=1,data/raw/html/dataset_page/2531c97864d9977f43f254931709dac5933f2a23.html,37754f6bf51421da1908b01e1433ad38976ee6d1c60985e56966cda22bcd6cfd,
kcc-beneficiary,Kidney Care Choices Model Alignment Beneficiary,Medicare,Special Programs,2022,https://resdac.org/cms-data/files/kcc-beneficiary,data/raw/html/dataset_page/c82b4d408518dc96fdf46a27f4e49158e8e95041.html,6e29fb7d0fafd660a7618b7758d5d07b490a38123bc15815af6aa94f6f8246a0,
kcc-provider,Kidney Care Choices Model Provider,Medicare,Special Programs,2022,https://resdac.org/cms-data/files/kcc-provider,data/raw/html/dataset_page/3047d052106df32116d1fcd096c5521ac8f2e200.html,4ffa27d8d5b590ce3af9e7876c63c304192e7ef242b300f02071a4620148225a,
lcds,Long-Term Care Hospital Continuity Assessment Record and Evaluation Data Set,Medicare,Assessment,Annual: 2014-2024Monthly*: 2025 and 2026,https://resdac.org/cms-data/files/lcds,data/raw/html/dataset_page/109fd512ef088bf16d35b6132390e9403fdb09e3.html,82b9d1c112c4dc0cc4f47dfdb8ea8b7f8629e87c04f154987a8bee8bb3cc5a6c,
max-ip,Medicaid Analytic Extract Inpatient,Medicaid,Medicaid Utilization,1999-2015,https://resdac.org/cms-data/files/max-ip?page=1,data/raw/html/dataset_page/515da00461d6442d0119c5c4c8cb1f3da0961381.html,34751c027cddeff0f6b2502235cbbc5ee168bff8ae727a5795935f2560eb204e,
max-lt,Medicaid Analytic Extract Long Term Care,Medicaid,Medicaid Utilization,1999-2015,https://resdac.org/cms-data/files/max-lt?page=1,data/raw/html/dataset_page/e93fb78e4019c671e994a0552e88d01b076e690f.html,1644644b582827b001da624aa267973f1d5d16f7e29421084485c79e826705b6,
max-ot,Medicaid Analytic Extract Other Services,Medicaid,Medicaid Utilization,1999-2015,https://resdac.org/cms-data/files/max-ot?page=1,data/raw/html/dataset_page/ac50f3d0b395926f11debae52a1bb6bf53dc607c.html,c1fb23962ffb2763b75ec2146e9467736abfe1d4b2c2e23fce9f610b2ca87509,
max-ps,Medicaid Analytic Extract Personal Summary,Medicaid,Beneficiary Enrollment and Summary,1999-2015,https://resdac.org/cms-data/files/max-ps?page=1,data/raw/html/dataset_page/26130b574c5882f8dec0996e1b2406b6c2f7e3b3.html,327ed7b8ce278f322d049b20ee3ef36b9d7e9b906a81d89211568c5296a3b2be,
max-rx,Medicaid Analytic Extract Prescription Drug,Medicaid,Medicaid Utilization,1999-2015,https://resdac.org/cms-data/files/max-rx?page=1,data/raw/html/dataset_page/628d80d9571d4dee54b1868e920448bf5ba9cccf.html,d71f54b879c8809204e7656bd9b18703eba55ad2c8fbc0703e83c16fff6f865f,
mbisg,Medicare Bayesian Improved Surname Geocoding,Medicare,Beneficiary Enrollment and Summary,March 2023March 2024,https://resdac.org/cms-data/files/mbisg,data/raw/html/dataset_page/719d1d0b72f037784384d6658ed2c12e9fe1eaa4.html,e30436282f07a2710979686506b348448a7f3a4059156bcb38d770979c63422f,
mbsf-27-cc,Master Beneficiary Summary File 27 CCW Chronic Conditions,Medicare,Beneficiary Enrollment and Summary,1999-2021,https://resdac.org/cms-data/files/mbsf-27-cc?page=1,data/raw/html/dataset_page/6699b0dfb0111bbb6b6b3146eba42feed4fe9587.html,2cafe85a907b04616a541b4c4c34f531c2c1953f015ef63a600b94e0b4ef8549,
mbsf-30-cc,Master Beneficiary Summary File 30 CCW Chronic Conditions,Medicare,Beneficiary Enrollment and Summary,2017-2024,https://resdac.org/cms-data/files/mbsf-30-cc?page=1,data/raw/html/dataset_page/e1008ac596c397313ccc0e4c65931d5fbe9c0413.html,08a4bee3525b8b70f4f6ab7a53d50ebf5c660e8821fe037ce5c122fe004556e5,
mbsf-base,Master Beneficiary Summary File Base A/B/C/D,Medicare,Beneficiary Enrollment and Summary,Annual: 1999-2023Quarterly: 2024 Q1-Q4,https://resdac.org/cms-data/files/mbsf-base,data/raw/html/dataset_page/bc037fe7a91d939c1551aec399d84c3e4d69bc38.html,0a332c390c5b6b541328fda2144c536979d74870e121df05588c512ec78431af,
mbsf-base-v2,Master Beneficiary Summary File Base A/B/C/D V2,Medicare,Beneficiary Enrollment and Summary,Annual: 2023-2024Quarterly: 2025 Q1-Q3Monthly*: 2025 and 2026,https://resdac.org/cms-data/files/mbsf-base-v2?page=1,data/raw/html/dataset_page/7f6620be0130d2512c41c119d6426f5eb0feab09.html,ef2224427e65b2b6004b8124e63cac34f340d859f033108ecb07510610b718dc,
mbsf-cc,Master Beneficiary Summary File 27 CCW Chronic Conditions,Medicare,Beneficiary Enrollment and Summary,1999-2021,https://resdac.org/cms-data/files/mbsf-cc?page=1,data/raw/html/dataset_page/565b1d48d9ee441ed1b3aede7a79e911afe92eca.html,8e44658a8879054558a2bc42af05cfd2ec12b95e3ab25a474304fb91d28e91e3,
mbsf-cost-and-use,Master Beneficiary Summary File Cost and Use,Medicare,Beneficiary Enrollment and Summary,1999-2024,https://resdac.org/cms-data/files/mbsf-cost-and-use,data/raw/html/dataset_page/7552ff2238b2b2e9031180b3717bf5761986387c.html,88529521ff6c41c3b63e4ed92b6ba8f954622c5c54ae7db23ef0332946a65010,
mbsf-cost-and-utilization,Master Beneficiary Summary File Cost and Use,Medicare,Beneficiary Enrollment and Summary,1999-2024,https://resdac.org/cms-data/files/mbsf-cost-and-utilization,data/raw/html/dataset_page/7d330adad93c87fed02d63153399308af8edde55.html,e82799f3cabe3eaa3217bda00cd17be39e872aa1149637a10faf50719d96138c,
mbsf-ndi,Master Beneficiary Summary File National Death Index,Medicare,Beneficiary Enrollment and Summary,1999-2024*,https://resdac.org/cms-data/files/mbsf-ndi,data/raw/html/dataset_page/3aec89abd3a41a4113f77d1663b1d6008349df8c.html,5399e836f306a7a3514ef6c87975e16e3225b12817c2b9eb910864ceb6523472,
mbsf-other-conditions,Master Beneficiary Summary File Other Chronic or Potentially Disabling Conditions,Medicare,Beneficiary Enrollment and Summary,2000-2024,https://resdac.org/cms-data/files/mbsf-other-conditions,data/raw/html/dataset_page/cb6221ac2e195081875db2207b6efc6681e56769.html,4ea8612a9350ac863c877aa6106775f8e59a6a4e72802db996289717508da8ed,
md-ppas,Medicare Data on Provider Practice and Specialty,Medicare,Plan and Provider,2008-2024,https://resdac.org/cms-data/files/md-ppas,data/raw/html/dataset_page/2f231d2e4e57843df94c520b5bad73d382db2e35.html,f91eac36bf67a4731b006f906fbd67e7d6c49827f36ce32f0064112d3fd6f860,
mds-20,Long Term Care Minimum Data Set 2.0,"Medicare, Medicaid",Assessment,1999-September 2010,https://resdac.org/cms-data/files/mds-20,data/raw/html/dataset_page/eb5bab1dec92071711367036fe0fcff79255ca71.html,5fa39852f550f91adba2966c01274b1cbd19f0e5d2a797847a200fdd0f315ae7,
mds-30,Long Term Care Minimum Data Set 3.0,"Medicare, Medicaid",Assessment,Annual: October 2010-2024Monthly*: 2025 and 2026,https://resdac.org/cms-data/files/mds-30?page=1,data/raw/html/dataset_page/1ecc48c02e3b3399f1f6ee85cb1fb4a6d1708acd.html,5459ab768348fb27447387eeaa9ccba3519627ff224b145e7a0ca10eeb7f2e25,
mds-sb-20,Long Term Care Minimum Data Set Swing-Bed 2.0,"Medicare, Medicaid",Assessment,2002-September 2010,https://resdac.org/cms-data/files/mds-sb-20,data/raw/html/dataset_page/12c4f6ae2dbdb765b50abbe151d7bb40f8635f80.html,e50f5c75f13d96c22988b67da60e4060dc21416162bc1da7a4e0a338bd271885,
mds-sb-30,Long Term Care Minimum Data Set Swing-Bed 3.0,"Medicare, Medicaid",Assessment,Annual: October 2010-2024Monthly*: 2025 and 2026,https://resdac.org/cms-data/files/mds-sb-30?page=1,data/raw/html/dataset_page/03a1170c0fe7a70db50121421af490a49f5eda59.html,186cbe6c31d1b043acea666858354765711dd08eed49862f7a32e8d9b5addc93,
medpar,Medicare Provider Analysis and Review,Medicare,Medicare Fee-For-Service Claims,1999-2024,https://resdac.org/cms-data/files/medpar?page=1,data/raw/html/dataset_page/836dbe353b499896051544d2545edd5f19a6106e.html,10c64a8ebbf2e3169772dc3100191fc2c2fdeedd714f4bde3f47da4d00ee5404,
mesf-conditions,Medicaid Enrollee Supplemental File: Conditions Segment,Medicaid,Beneficiary Enrollment and Summary,1999-2013,https://resdac.org/cms-data/files/mesf-conditions,data/raw/html/dataset_page/f08566e9ff77b33f8482c1b865d835446c181ab2.html,9f5c8ef0477743c6271900e0e10ad874b51ce2c2f5845006d791542cc96120dc,
mesf-ndi,Medicaid Enrollee Supplemental File: National Death Index Segment,Medicaid,Beneficiary Enrollment and Summary,1999-2024*,https://resdac.org/cms-data/files/mesf-ndi,data/raw/html/dataset_page/78aff82de2fa0476d44dc0080160c652b04c4094.html,74467e4a0199c1f236a9a8f3c6367f8e28a29492ca8f666675b14a2387023618,
million-hearts,Million Hearts® Cardiovascular Disease Risk Reduction Model,Medicare,Special Programs,2017-2021,https://resdac.org/cms-data/files/million-hearts?page=1,data/raw/html/dataset_page/86c5a3c7da1125d7c7b11d8b5388deaee3563996.html,4c4c9b98af1bbb83fd65fcf1437b5019f29960112cda3d35c8501eb7a98fa505,
million-hearts-model-alignment,Million Hearts® Model Alignment,Medicare,Special Programs,2017-2021,https://resdac.org/cms-data/files/million-hearts-model-alignment?page=1,data/raw/html/dataset_page/2ef35ad68b97b1a876f94af5cf18da99eb2b9d36.html,95be40249b9c130bed79b7827e9eca123dfbb846c3352be57d67344f1a77ccdb,
million-hearts-model-beneficiary-demographic,Million Hearts® Model Beneficiary Demographic,Medicare,Special Programs,2017-2021,https://resdac.org/cms-data/files/million-hearts-model-beneficiary-demographic?page=1,data/raw/html/dataset_page/e482880f2eb8288d4e13995dba93d25264eda7c6.html,97f3c8ecbb2076fcf818b9e01491e4230c174227837238bb63c0b3ebb5245bbc,
million-hearts-model-final-clinical,Million Hearts® Model Final Clinical,Medicare,Special Programs,2017-2021,https://resdac.org/cms-data/files/million-hearts-model-final-clinical?page=1,data/raw/html/dataset_page/cec81b494a5cf3d5db8f1bc622c030263f8f5cb7.html,0e8391467ff24b259cf583ad4772ef9a72aa80f646a1dd46d6e89568a2e2b807,
million-hearts-model-practice-list,Million Hearts® Model Practice List,Medicare,Special Programs,2017-2021,https://resdac.org/cms-data/files/million-hearts-model-practice-list?page=1,data/raw/html/dataset_page/461213bb26f38197ebe336bdfd286e4ea35bd7f1.html,26582eb71ace794d081f49e530759fa7653ebcfafc7dcfdebff997369c145058,
million-hearts-model-provider-list,Million Hearts® Model Provider List,Medicare,Special Programs,2017-2021,https://resdac.org/cms-data/files/million-hearts-model-provider-list?page=1,data/raw/html/dataset_page/427d5b97369f13b314b6abbbc651690e609ec985.html,88e1f4def03b7fdb81c1fe1dfebc0a417eb63cd848d3a301a763a94dae1cea50,
million-hearts-model-raw-clinical,Million Hearts® Model Raw Clinical,Medicare,Special Programs,2017-2021,https://resdac.org/cms-data/files/million-hearts-model-raw-clinical?page=1,data/raw/html/dataset_page/72ee475771d626bb204c0fc1e193ec18d6e8d6d9.html,a50d386d63744ea5b5709f2100d23cbba756252b16ef7acb8494df526ce3bc4c,
million-hearts-model-visit,Million Hearts® Model Visit,Medicare,Special Programs,2017-2021,https://resdac.org/cms-data/files/million-hearts-model-visit?page=1,data/raw/html/dataset_page/b3cf81e0d45803a40a7257d835f432647f90ecbd.html,d5e99ca5d7db26480817147a57605255e730566c51dfb0e29a2353ac1d0ed61d,
mmleads-2,Medicare-Medicaid Linked Enrollee Analytic Data Source 2.0,"Medicare, Medicaid",Linked,2006-2012,https://resdac.org/cms-data/files/mmleads-2,data/raw/html/dataset_page/9826bacf328abda3f93623f8ca8af27e5961040d.html,946b38ea21b2ea7cc05adcf6cf2982995b7cf80723f443f054c87d397cc3e70b,
mmleads-3,Medicare-Medicaid Linked Enrollee Analytic Data Source 3.0,"Medicare, Medicaid",Linked,2016-2021,https://resdac.org/cms-data/files/mmleads-3,data/raw/html/dataset_page/e55dd2c0c0262bd42e95663fc1f36db3ea96e068.html,3aa2bc0f185a50e445e9d0d20828490fd4d6ae96874e0bc14aa1ce27c913a625,
ngaco-beneficiary,Next Generation ACO Model Beneficiary,Medicare,Special Programs,2016-2021,https://resdac.org/cms-data/files/ngaco-beneficiary,data/raw/html/dataset_page/dc78605b880da6acf5413b0e36abcd051fcc22e4.html,e696de09853d734e33c754deae1560f72f5cd84a47592d131641bd92a4def14d,
ngaco-provider,Next Generation ACO Model Provider,Medicare,Special Programs,2016-2021,https://resdac.org/cms-data/files/ngaco-provider,data/raw/html/dataset_page/6273349b5375e4ae0122178ff00841c6e978da09.html,314b2f6202b2bd3187469cdb8728317065cfa78abaca434c279c9d22fc35df13,
nhats,National Health and Aging Trends Study (NHATS) - Medicare Linked Data,Medicare,"Linked, Survey",Retrospective data package including CY 2006-2017,https://resdac.org/cms-data/files/nhats,data/raw/html/dataset_page/339cf08f4d14e58342b5b5b205746f10f0a4254c.html,50fcde0bb50e4031ff58e0885ca5dbb6de9d0e692832dd83a0499d1bfb091aa7,
oasis,Home Health Outcome and Assessment Information Set (OASIS),"Medicare, Medicaid",Assessment,Annual: 1999-2024Monthly*: 2025 and 2026,https://resdac.org/cms-data/files/oasis,data/raw/html/dataset_page/02489b4d2a3fa9d7da770dbe896c765a00f62dbc.html,c61858ac3b1c01a9062752a5c0702f44a3c1acf31d53bf0bf9c606120a56fa54,
ocm,Oncology Care Model,Medicare,Special Programs,July 2017-June 2022,https://resdac.org/cms-data/files/ocm,data/raw/html/dataset_page/f0223675b06f55836c8cb294b7336b31c9bd2d57.html,c69b972327860c75549146caeae0a8bfc48c93472a019ec16611de4be67b17af,
ocm-clinical-and-staging,Oncology Care Model Clinical and Staging,Medicare,Special Programs,July 2017-June 2022,https://resdac.org/cms-data/files/ocm-clinical-and-staging,data/raw/html/dataset_page/e67fb8194a56ec61aead4bd4580e766d10529ed2.html,dea7983151fc259e11287548ee87d1697aa5c838ea3e6ac0ca154f756c5ece1b,
ocm-current-clinical-status,Oncology Care Model Current Clinical Status,Medicare,Special Programs,July 2017-June 2022,https://resdac.org/cms-data/files/ocm-current-clinical-status,data/raw/html/dataset_page/f1ac9f508a2284b35eb33f94c4a7438c882f785c.html,ce59bb73339d67afba70aef7353f6c950698fa8759784e9fa7b2182d3d0ba6a7,
op-encounter,Encounter Outpatient,Medicare,Medicare Encounter,2015-2023Preliminary 2024,https://resdac.org/cms-data/files/op-encounter?page=1,data/raw/html/dataset_page/8d8101948f2978af09e9f0a954289b9ffd5fd1bf.html,2cb06d63e79c4d90dc784a1ea60526319d0b69c72763e3ae51a9818a2d1f9af8,
op-ffs,Original Medicare (Fee-for-Service) Outpatient,Medicare,Medicare Fee-For-Service Claims,Annual: 1999-2024Quarterly: 2024 Q1-Q4; 2025 Q1-Q3Monthly*: 2025 and 2026,https://resdac.org/cms-data/files/op-ffs?page=1,data/raw/html/dataset_page/30ef37e7381b8bef46e1367b9fd9c5fedffd2f66.html,a544f34eb71129233fba6e1b12580ae0282cc6a127ecc6212fe0086608672894,
part-d-drug-characteristics,Part D Drug Characteristics,Medicare,Part D,2006-2024,https://resdac.org/cms-data/files/part-d-drug-characteristics?page=1,data/raw/html/dataset_page/d44960a0870a15bd37d7fb4526e471753a3ddd98.html,4f5a041fda37a59c226d31751140abb22af3f5d978845c6a3742cf2b543c0512,
part-d-formulary,Part D Formulary,Medicare,Part D,2010-2024,https://resdac.org/cms-data/files/part-d-formulary?page=1,data/raw/html/dataset_page/11d9a872883bc4d19e66239ef8f263fcc5ea67b5.html,e1142e86238e0df7f3a3c55f6c5e286b8a2037d936e89dda4c1f9f1700729308,
part-d-formulary-file,Part D Formulary,Medicare,Part D,2010-2024,https://resdac.org/cms-data/files/part-d-formulary-file?page=1,data/raw/html/dataset_page/ccc14c6da1800d579a6d2c65bb25415335484231.html,94357a9a5142e63fa87f5dfc05c771bd05435514e059ded4cfcf9982b12b4fd5,
part-d-mtm,Part D Medication Therapy Management Data,Medicare,Part D,2013-2024,https://resdac.org/cms-data/files/part-d-mtm?page=1,data/raw/html/dataset_page/d551119ea23cdc896e866c79287b606e6548c277.html,3c18822e9299f027e8afa06b6537a1f59f6d284cb983d2befe055425d0c5c1db,
part-d-pharmacy-characteristics,Part D Pharmacy Characteristics,Medicare,Part D,2006-2024,https://resdac.org/cms-data/files/part-d-pharmacy-characteristics?page=1,data/raw/html/dataset_page/426dd5c8209fc57fc3edb46f31c500aa1b07edcd.html,71439ca144947b5a388298649c721f22db01b89b89ca295e6a093e5a81f1c52c,
part-d-plan-election-type-beneficiary-summary,Part D Plan Election Type Beneficiary Summary,Medicare,Part D,2007-2024,https://resdac.org/cms-data/files/part-d-plan-election-type-beneficiary-summary?page=1,data/raw/html/dataset_page/000224f3381ebc39db622e3eee762a28c41e05ec.html,76ae34b27ae648d8c091327bc28081ec80582f32efd51d3f5d32f98de4aee44b,
part-d-prescriber-characteristics,Part D Prescriber Characteristics,Medicare,Part D,2006-2024,https://resdac.org/cms-data/files/part-d-prescriber-characteristics?page=1,data/raw/html/dataset_page/996a716d9a80f27752f95ccaff466c809c729e0b.html,b44060f73edf2925523fcd607ca1401c0f72ac83c63e67166c355b1445bcc4f5,
pde,Part D Event,Medicare,Part D,Annual: 2006-2024Monthly*: 2025 and 2026,https://resdac.org/cms-data/files/pde?page=1,data/raw/html/dataset_page/5604b2ec7bd4d71517e04a39607d45d5b421650b.html,1cf146951f877bba70e4b48a74bc3f09b9657628938dfae65c16dc80d7421541,
pioneer-aco,Pioneer Accountable Care Organization,Medicare,Plan and Provider,2012-2016,https://resdac.org/cms-data/files/pioneer-aco?page=1,data/raw/html/dataset_page/d82072986f1b00818ff87f632eef42c89e309650.html,779d3c5513c58312ab09f2a09cdbbdf0547bc435e0f817036f894ace47c89f77,
plan-characteristics,Plan Characteristics,Medicare,"Beneficiary Enrollment and Summary, Part D",2006-2024,https://resdac.org/cms-data/files/plan-characteristics?page=2,data/raw/html/dataset_page/8b7cb3b3ddc436da3e8aba213676753e9c338587.html,3ab75ba22a1216238d93e95925e34bd2787c1a3593b2d41f3c7aade5425615fb,
risk-score-base,Risk Score Operational Payment Base File,Medicare,Beneficiary Enrollment and Summary,2019-2021,https://resdac.org/cms-data/files/risk-score-base,data/raw/html/dataset_page/a908448a73ab3c65dfd95d8626da4db2940148f2.html,1d2f621fa1bf74911a2a277e14d67e342589a6f6d1a6a4d487e5ad3c9be62fde,
risk-score-mofs,Risk Score Model Output Files,Medicare,Beneficiary Enrollment and Summary,2019-2021,https://resdac.org/cms-data/files/risk-score-mofs,data/raw/html/dataset_page/5f790fcd9499f996f1cbe1ebbbb4d8aa4648a8e3.html,5efce7a7ac9f54daccfeebd117a98ce940da645e7b52285c9297477b90b4bbf0,
snf-encounter,Encounter Skilled Nursing Facility,Medicare,Medicare Encounter,2015-2023Preliminary 2024,https://resdac.org/cms-data/files/snf-encounter?page=2,data/raw/html/dataset_page/970e4806529a8e1d182c58a55b451dc499166a4b.html,59bc2ab339c9b029f0dbf7076516d699a9faf1ddc3816d75d1d6fd4dcd5c6729,
snf-ffs,Original Medicare (Fee-for-Service) Skilled Nursing Facility,Medicare,Medicare Fee-For-Service Claims,Annual: 1999-2024Quarterly: 2024 Q1-Q4; 2025 Q1-Q3Monthly*: 2025 and 2026,https://resdac.org/cms-data/files/snf-ffs,data/raw/html/dataset_page/8377dc546ecfb2a54ed25e3e14aa2eeb838960e6.html,9e78bbb07b479094dd4f2c750e3b1c809adb14adb2e530ade3406f69dfa875a9,
ssp-aco-beneficiary,Shared Savings Program Accountable Care Organizations Beneficiary-level,Medicare,Plan and Provider,"Final: 2013-2024Preliminary: 2025 and 2026Quarterly: 2025 Q1-Q4, 2026 Q1",https://resdac.org/cms-data/files/ssp-aco-beneficiary?page=1,data/raw/html/dataset_page/e0b196e3d259fa2849b7e990d5bd1d887944fcad.html,33482a42ff5a448766e00f92578b24d93cf72f450fe6f03ce8eff6ae1577c0cb,
ssp-aco-provider,Shared Savings Program Accountable Care Organizations Provider-level,Medicare,Plan and Provider,Final: 2013-2024Preliminary: 2025 and 2026,https://resdac.org/cms-data/files/ssp-aco-provider?page=1,data/raw/html/dataset_page/09b860ae2397d9bc1589465c525822cef2fc97e5.html,c83f4adf8e1bb350c7d1158a851491b4e864f3daa2178915269d43075cc8e784,
taf-apl,T-MSIS Analytic File Annual Managed Care Plan,Medicaid,Medicaid Utilization,2014-2023Preliminary 2024,https://resdac.org/cms-data/files/taf-apl?page=1,data/raw/html/dataset_page/ef2fdeba8f725b33646c3330c2dd580e7ae885c9.html,a505288c8c44bd0a466b4ff6339c9133c1e0c1e009ea951b6f26610d073da6af,
taf-apr,T-MSIS Analytic File Annual Provider,Medicaid,Medicaid Utilization,2014-2023Preliminary 2024,https://resdac.org/cms-data/files/taf-apr?page=1,data/raw/html/dataset_page/faaebb337d9dec4e28d79cb5a753eab265e67b07.html,72a8130ceb2f2569cda3bcbc5be82769121431ce877e5487ce9a3ca4de80f10e,
taf-de,T-MSIS Analytic File Demographic and Eligibility,Medicaid,Beneficiary Enrollment and Summary,2014-2023Preliminary 2024,https://resdac.org/cms-data/files/taf-de?page=1,data/raw/html/dataset_page/0a0a7d344c3ed4b1d8926319bdc536abac765db3.html,373f7b99eeda29c2a2928da090a1c60087f8cc598adb1d38d2a83fb1acc50f28,
taf-ip,T-MSIS Analytic File Inpatient,Medicaid,Medicaid Utilization,2014-2023Preliminary 2024,https://resdac.org/cms-data/files/taf-ip?page=1,data/raw/html/dataset_page/23f761c8121bfd6102211d9258b0c2148fab83b6.html,f7565e00404084596f1e141953c42851e678e29fff921c2c5014b54f5ae1b2f7,
taf-lt,T-MSIS Analytic File Long Term Care,Medicaid,Medicaid Utilization,2014-2023Preliminary 2024,https://resdac.org/cms-data/files/taf-lt?page=1,data/raw/html/dataset_page/8cb6484ad20a60abb1e2f652756c576cfbf5dba9.html,b8da5850ee4735b99064c06f426139e2f66a538993ba3ae097ce242faa39262a,
taf-ot,T-MSIS Analytic File Other Services,Medicaid,Medicaid Utilization,2014-2023Preliminary 2024,https://resdac.org/cms-data/files/taf-ot?page=1,data/raw/html/dataset_page/e8e2904b3213cf56a2268504d89441a497e5b1cf.html,43cd71528a45ca42896e0d9755259efb01fcaf76d94574ac7be1888806983441,
taf-rx,T-MSIS Analytic File Pharmacy,Medicaid,Medicaid Utilization,2014-2023Preliminary 2024,https://resdac.org/cms-data/files/taf-rx?page=1,data/raw/html/dataset_page/4e158ec9ec730af462c8ee86fbfacdaf76bb7468.html,e17074d4cabf0a102e9e175e985f39dd9d848f102b97292bd2418faf2147da8b,
vm-beneficiary,Value Modifier Beneficiary-Level,Medicare,Plan and Provider,2013-2016,https://resdac.org/cms-data/files/vm-beneficiary?page=1,data/raw/html/dataset_page/74b7ff42b4d90f31994ef3c216ee9fb7851c1afa.html,1df067d766aadc3aca04ca7094b2c98d71d69fc0c770842f6e1a92e166c62190,
vm-npi-practice,Value Modifier NPI Practice-Level,Medicare,Plan and Provider,2013-2016,https://resdac.org/cms-data/files/vm-npi-practice?page=1,data/raw/html/dataset_page/ae5d36997a900aec079861d6a07524b88ba61ff0.html,72c479a789ed0c6b74b79187c3bba9748ff2234643feb5f7c77868e0e5958463,
vm-practice,Value Modifier Practice-Level,Medicare,Plan and Provider,2013-2016,https://resdac.org/cms-data/files/vm-practice?page=1,data/raw/html/dataset_page/8f9b0a385f4ff82247804dc387eb5b717016df6e.html,9d8aabb072e018b78ffb312f35d9b7942be04a610a81bcd1c5ef215e325ca543,
