document_id,dataset_id,title,document_kind,source_url,local_path,sha256,content_type,extraction_notes
ahc-model__codebook-ahc_pdf__2ecadb1aec,ahc-model,Data Documentation | ResDAC,pdf,https://www2.ccwdata.org/documents/10280/19022436/codebook-ahc.pdf,data/raw/assets/pdf/2ecadb1aec0f9d6e0f07a7cc628ccf35b46ec6c5.pdf,d0a37dc4ae8350839359f6a74a8e6f21c3936e11fa3f869e64c5b7a3605b73b1,application/pdf,
ahc-model__data-documentation__2617b90539,ahc-model,Data Documentation | ResDAC,html,https://resdac.org/cms-data/files/ahc-model/data-documentation,data/raw/html/documentation_page/2617b90539062fe66e0d34c18b850febb573183e.html,ceb5e10cec156ecace22bf2388dc6fbada3915b88360873a4d3809c10b5b14cb,text/html,
ahc-model__record-layout-ahc_xlsx__a24e6138f1,ahc-model,Data Documentation | ResDAC,xlsx,https://www2.ccwdata.org/documents/10280/19022436/record-layout-ahc.xlsx,data/raw/assets/xlsx/a24e6138f13d454f8775f43d953f26690833f358.xlsx,d2f74ecf905234e8e42c1e49abefeed00b3ca66babbcf28afcd4aca8163559be,application/vnd.openxmlformats-officedocument.spreadsheetml.sheet,
ahcah-hospital__data-documentation__4c60fb8567,ahcah-hospital,Data Documentation | ResDAC,html,https://resdac.org/cms-data/files/ahcah-hospital/data-documentation,data/raw/html/documentation_page/4c60fb85674dcfcd2336e84b45f08d6218aa76fa.html,08abc5817a8dedb1e7ee117eb13563f608ad28da139fc0faa1a752b3ff9f2b98,text/html,
ahcah-patient__codebook-ahcah_pdf__27ccfc2740,ahcah-patient,Data Documentation | ResDAC,pdf,https://www2.ccwdata.org/documents/10280/19022436/codebook-ahcah.pdf,data/raw/assets/pdf/27ccfc27407a53098d675d692da68eaa1b233dfc.pdf,86e35f4ee90fe829e332dca0ebe85c380915f3596038e8da0c89ffaab1e1c686,application/pdf,
ahcah-patient__data-documentation__995bd91472,ahcah-patient,Data Documentation | ResDAC,html,https://resdac.org/cms-data/files/ahcah-patient/data-documentation,data/raw/html/documentation_page/995bd914721a5979423878bb7fe55e7b1d831074.html,53483b5bc616d210f1201083dbe78976dd07c73f14843bc0c4181ed2c5c1f174,text/html,
ahcah-patient__record-layout-ahcah_xlsx__83602a409f,ahcah-patient,Data Documentation | ResDAC,xlsx,https://www2.ccwdata.org/documents/10280/19022436/record-layout-ahcah.xlsx,data/raw/assets/xlsx/83602a409fc06cd2d8af1083b47854c376f2898a.xlsx,adc5bc67e10cd5c74ff11dbefe1e10a33945dfc43067ae01b98a763e8a26fb26,application/vnd.openxmlformats-officedocument.spreadsheetml.sheet,
cahps__data-documentation__3570c4650b,cahps,Data Documentation | ResDAC,html,https://resdac.org/cms-data/files/cahps/data-documentation,data/raw/html/documentation_page/3570c4650bdf156c15f0805bed8e74399f214473.html,9ff3d4a130bc6434e543126c8027dccd844b2c0bf72ce84f982d188a1c6e3cc2,text/html,
cahps__ffs-cahps-datadictionary-2025-ccw_pdf__ca6eb08dee,cahps,Data Documentation | ResDAC,pdf,https://resdac.org/sites/datadocumentation.resdac.org/files/2026-05/FFS_CAHPS_DataDictionary_2025_CCW.pdf,data/raw/assets/pdf/ca6eb08deec69a2ca0c053e0e47dab882908b143.pdf,1c8301c8848829346dde3e520f65db12429a82da44da45c6973d219d86157c0b,application/pdf,
cahps__ma-pdp-cahps-datadictionary-2025-ccw_pdf__d2602cbe44,cahps,Data Documentation | ResDAC,pdf,https://resdac.org/sites/datadocumentation.resdac.org/files/2026-05/MA_PDP_CAHPS_DataDictionary_2025_CCW.pdf,data/raw/assets/pdf/d2602cbe44c673c77cf8472b3ff5f084d5a5c3aa.pdf,a059cf64051d5ea0afb2323601d8849bdf85b62f196a1b702af1c03d8330fc85,application/pdf,
carrier-encounter__data-documentation__fdf41704a5,carrier-encounter,Data Documentation | ResDAC,html,https://resdac.org/cms-data/files/carrier-encounter/data-documentation,data/raw/html/documentation_page/fdf41704a5479014ec2f0e238069edc3892c6599.html,8fdfec75c43124d0f5f39a6d9c15abf5a5e1926efbd41f376c499e42f9271052,text/html,
carrier-ffs__data-documentation__1d94647469,carrier-ffs,Data Documentation | ResDAC,html,https://resdac.org/cms-data/files/carrier-ffs/data-documentation,data/raw/html/documentation_page/1d94647469e83d6f113be85ff63b3d64ecbcd28d.html,abf7a8760e59955c94d8f65b3f4284a091630fbbefa49b663516948b59e01b93,text/html,
cec-beneficiary__data-documentation__6a4e4b6ab9,cec-beneficiary,Data Documentation | ResDAC,html,https://resdac.org/cms-data/files/cec-beneficiary/data-documentation,data/raw/html/documentation_page/6a4e4b6ab99daec6c86987e9164315c75ef600dc.html,14d7b595d829c77525f6c43b009c986550387c2b1ef3b672cc01d9e050f1e85a,text/html,
cec-beneficiary__record-layout-cec_xlsx__0a9d5eb9d2,cec-beneficiary,Data Documentation | ResDAC,xlsx,https://www2.ccwdata.org/documents/10280/19022436/record-layout-cec.xlsx,data/raw/assets/xlsx/0a9d5eb9d2a837bfce8a309faaa844e1ab5cb215.xlsx,34d752ad66de2ac825ab4f02ffdf8993c2613c12aff754f7f74e7b10d55ab6c4,application/vnd.openxmlformats-officedocument.spreadsheetml.sheet,
cec-provider__data-documentation__e5123a1795,cec-provider,Data Documentation | ResDAC,html,https://resdac.org/cms-data/files/cec-provider/data-documentation,data/raw/html/documentation_page/e5123a1795316feb41120271adc8af7000686d48.html,b4d5e3de23c1bfa8ffa2d037a03a98f15f49171af55f2e13a54d7b28e20aaaa1,text/html,
cmds-beneficiary__data-documentation__8b95768716,cmds-beneficiary,Data Documentation | ResDAC,html,https://resdac.org/cms-data/files/cmds-beneficiary/data-documentation,data/raw/html/documentation_page/8b957687160967ef616f1811d2948a4aa4fdbf19.html,f8414be7793507d783a499ce9a830a2cdf8f619ba0c26549341ee47f1dad861c,text/html,
cmds-beneficiary__record-layout-cmds_xlsx__db71320620,cmds-beneficiary,Data Documentation | ResDAC,xlsx,https://www2.ccwdata.org/documents/10280/19022436/record-layout-cmds.xlsx,data/raw/assets/xlsx/db713206205b9bc4a36a311a78fdfb65414c59e1.xlsx,f0dedb972b7d2411069655bbf74cf18b1b322042549054c8692313979f885a1b,application/vnd.openxmlformats-officedocument.spreadsheetml.sheet,
cmds-entity__data-documentation__2e5244efce,cmds-entity,Data Documentation | ResDAC,html,https://resdac.org/cms-data/files/cmds-entity/data-documentation,data/raw/html/documentation_page/2e5244efce0233d468ea48269e61eadb991d0170.html,f7ce3a9d7c9798e5ca2271e489e5f0c57d02b1f229cd01485c5ff92d5d1aa256,text/html,
cmds-provider__data-documentation__89a050d3ee,cmds-provider,Data Documentation | ResDAC,html,https://resdac.org/cms-data/files/cmds-provider/data-documentation,data/raw/html/documentation_page/89a050d3eeaecbde9f3604180849d89b9fb097cf.html,07378d9e475fee75a328b30264b661b43fcbbfae3f5d77aea5cb3f3c173d40ef,text/html,
cmmi-model-data-sharing-cmds-model-participation-data-initiative__data-documentation__2ecfdf599e,cmmi-model-data-sharing-cmds-model-participation-data-initiative,Data Documentation | ResDAC,html,https://resdac.org/cms-data/files/cmmi-model-data-sharing-cmds-model-participation-data-initiative/data-documentation,data/raw/html/documentation_page/2ecfdf599ebc29a1d4ed68620f582c6cc6eb41a2.html,d7ac50b252efc50ecc313aad695e937ee7231ac2b7dbb5a537ec3347d8ec1d76,text/html,
cmmi-model-data-sharing-cmds-model-participation-data-initiative__prior-authorization-non-emergent-hyperbaric-oxygen_pdf__6cf6c45e07,cmmi-model-data-sharing-cmds-model-participation-data-initiative,CMMI Model Data Sharing (CMDS) Model Participation Data Initiative | ResDAC,pdf,https://cms.gov/files/document/prior-authorization-non-emergent-hyperbaric-oxygen.pdf,data/raw/assets/pdf/6cf6c45e0769830bcbabb482f12e47b9e47b6055.pdf,dcff5e6d26bd8321422b19df83e4f301ba2ccdcb305e6ab6ba89b0cab58c626c,application/pdf,
dme-encounter__data-documentation__7a9e3ab95c,dme-encounter,Data Documentation | ResDAC,html,https://resdac.org/cms-data/files/dme-encounter/data-documentation,data/raw/html/documentation_page/7a9e3ab95c81408f2ef1644024e5ac09aae2fff6.html,8e1c908fd75e71be9580bc363967624dcd1efd766423f1b61ab448365525076f,text/html,
dme-ffs__data-documentation__c76b7f2478,dme-ffs,Data Documentation | ResDAC,html,https://resdac.org/cms-data/files/dme-ffs/data-documentation,data/raw/html/documentation_page/c76b7f2478f9acd0d6b5bd4f4b0d553884a4a16d.html,af32c46ccc192533c528b455da53c17faf107cc0ce07d693c91353304df66c4c,text/html,
hedis-rif-measures__data-documentation__f5cf468e32,hedis-rif-measures,Data Documentation | ResDAC,html,https://resdac.org/cms-data/files/hedis-rif-measures/data-documentation,data/raw/html/documentation_page/f5cf468e325578e1687fefbed1bd684b7ce00a7e.html,00c23dcfbefa1b8765df5ca516a5f863eb183a4395a9227a98b2842a7b95161a,text/html,
hedis-rif-pcr-measure__data-documentation__823d2428ab,hedis-rif-pcr-measure,Data Documentation | ResDAC,html,https://resdac.org/cms-data/files/hedis-rif-pcr-measure/data-documentation,data/raw/html/documentation_page/823d2428abf6133950c7a8a64106da3d3183ce9b.html,937f832450e7bd4c73e58ae487ddfb3e39fe0b66bbfedf8053b78522d9711574,text/html,
hedis-rif__data-documentation__8311ba3d2e,hedis-rif,Data Documentation | ResDAC,html,https://resdac.org/cms-data/files/hedis-rif/data-documentation,data/raw/html/documentation_page/8311ba3d2ee7169a8025f8e6d9a93ea69cd23043.html,7c0cc295d08edd2cff151cad375a399b430dc44f1a779ead28e790fef7d4aa44,text/html,
hedis-rif__record-layout-hedis_xlsx__12d0d2cc9d,hedis-rif,Data Documentation | ResDAC,xlsx,https://www2.ccwdata.org/documents/10280/19022436/record-layout-hedis.xlsx,data/raw/assets/xlsx/12d0d2cc9dacbb09dd6e9287b10bee19e1a205f6.xlsx,5138d42d9235763abbe30f6bdaf7f5ff45bca51c4f9a1fe3027ee72374f37583,application/vnd.openxmlformats-officedocument.spreadsheetml.sheet,
hha-encounter__data-documentation__a07a075e59,hha-encounter,Data Documentation | ResDAC,html,https://resdac.org/cms-data/files/hha-encounter/data-documentation,data/raw/html/documentation_page/a07a075e593b19d3ebc8b13f1dd8472d93c66d30.html,d163b8666356c572fd6a240af1b650a4578ddd13042d312f3e24b900ef26f6cd,text/html,
hha-ffs__bp102c07_pdf__551d41d9a2,hha-ffs,Find the CMS Data File You Need | ResDAC,pdf,https://cms.gov/Regulations-and-Guidance/Guidance/Manuals/Downloads/bp102c07.pdf,data/raw/assets/pdf/551d41d9a2e0df08a63c3215d57d55efb3708dd1.pdf,a0777bd2428a9a1140b89ae3c2264260696dd07fa38c1a3f8c514d3a7297177f,application/pdf,
hha-ffs__data-documentation__7a39b31d66,hha-ffs,Data Documentation | ResDAC,html,https://resdac.org/cms-data/files/hha-ffs/data-documentation,data/raw/html/documentation_page/7a39b31d66a1e4c8a9496eb67fda7c56df9bca35.html,0407acbf9d924c87d9f96e3c9140128c14e173af2eb00d3ffdb1f358c3707659,text/html,
hos-rif__data-documentation__0542c0b7ab,hos-rif,Data Documentation | ResDAC,html,https://resdac.org/cms-data/files/hos-rif/data-documentation,data/raw/html/documentation_page/0542c0b7abdac4bf20763005b1206c23e5a31d19.html,1f1eb42490e68b421584ab22ca2b3720d3e5a5cb2ea7109c299951a04d1d776a,text/html,
hospice-ffs__data-documentation__04f4dcf507,hospice-ffs,Data Documentation | ResDAC,html,https://resdac.org/cms-data/files/hospice-ffs/data-documentation,data/raw/html/documentation_page/04f4dcf5076501e9f5760cd735190c8954eeabeb.html,510521598e91bdfa145ea86b47f2473c01e8dc508e693b8ce111ca46af020ca3,text/html,
hrs-medicare__data-documentation__55ba11cf11,hrs-medicare,Data Documentation | ResDAC,html,https://resdac.org/cms-data/files/hrs-medicare/data-documentation,data/raw/html/documentation_page/55ba11cf110dc253bf3277de91e56bcf4ca7f79f.html,57eb2aa80dcebaea920a85b70cb58cbf0ab6a039ab0a1046159bdc4ebefcbeed,text/html,
ip-encounter__codebook-encounter-records_pdf__ace8b4036c,ip-encounter,Data Documentation | ResDAC,pdf,https://www2.ccwdata.org/documents/10280/19022436/codebook-encounter-records.pdf,data/raw/assets/pdf/ace8b4036c73edd88167f0ea9a3d49439a3af313.pdf,e4ad9449dafc1ea4e600a4d879416eaeadffc976b3fbcaee0757d3406a899256,application/pdf,
ip-encounter__data-documentation__5852cefcaf,ip-encounter,Data Documentation | ResDAC,html,https://resdac.org/cms-data/files/ip-encounter/data-documentation,data/raw/html/documentation_page/5852cefcaf4dca5dba3392a521caae7b6816e9f1.html,010bc91934c512a0d137f6de172a4170a84bcd086a179c3423ab63f65adde65b,text/html,
ip-encounter__record-layout-encounter-records_xlsx__5095e25915,ip-encounter,Data Documentation | ResDAC,xlsx,https://www2.ccwdata.org/documents/10280/19022436/record-layout-encounter-records.xlsx,data/raw/assets/xlsx/5095e25915944f165a226eb229e89fb27260125e.xlsx,8e1e7e6602403d62b0fad97c9ab3fb21460dfb97670a6be178d4bdc3ee902fd8,application/vnd.openxmlformats-officedocument.spreadsheetml.sheet,
ip-ffs__codebook-ffs-claims_pdf__a4af628b5a,ip-ffs,Data Documentation | ResDAC,pdf,https://www2.ccwdata.org/documents/10280/19022436/codebook-ffs-claims.pdf,data/raw/assets/pdf/a4af628b5ad494c93baa8921ab4d55ef29217d67.pdf,2912e0a84448a26276563499cb98347cece32a116705c048c50859116c76509d,application/pdf,
ip-ffs__data-documentation__fcdee80764,ip-ffs,Data Documentation | ResDAC,html,https://resdac.org/cms-data/files/ip-ffs/data-documentation,data/raw/html/documentation_page/fcdee80764dd59910f6190a9dd2c63ce3d8c2906.html,8d965781c4d69c029941cf5e4f70326d75c072a9afbec67a771a8ce1816ac4c4,text/html,
ip-ffs__record-layout-ffs-claims_xlsx__90c19c7ea3,ip-ffs,Data Documentation | ResDAC,xlsx,https://www2.ccwdata.org/documents/10280/19022436/record-layout-ffs-claims.xlsx,data/raw/assets/xlsx/90c19c7ea3b4ad1863786390a8c5400f3dbbbdf2.xlsx,91743fac3666c0903e52d46bac5d17abc4ce25e43ff88b4ad72a44fa96e785b7,application/vnd.openxmlformats-officedocument.spreadsheetml.sheet,
irf-pai__data-documentation__ad92078087,irf-pai,Data Documentation | ResDAC,html,https://resdac.org/cms-data/files/irf-pai/data-documentation,data/raw/html/documentation_page/ad92078087fc9e9ebab9d2fb9b452c0a9d46aa23.html,829ea59104723e4188fd85ca1ffb84118a19271349f35464cf7623a6e1a21a87,text/html,
irf-pai__record-layout-irf_xlsx__7c17ac1756,irf-pai,Data Documentation | ResDAC,xlsx,https://www2.ccwdata.org/documents/10280/19022436/record-layout-irf.xlsx,data/raw/assets/xlsx/7c17ac17564c08a550183914917ae962de8f3862.xlsx,6f42cc56577945e46382deb96e4aa8b3f85c33d278472b3220116f5117bada98,application/vnd.openxmlformats-officedocument.spreadsheetml.sheet,
kcc-beneficiary__data-documentation__c7e5137b19,kcc-beneficiary,Data Documentation | ResDAC,html,https://resdac.org/cms-data/files/kcc-beneficiary/data-documentation,data/raw/html/documentation_page/c7e5137b197338051077371f471615690b82a8c7.html,243a5201c068d6b2c22679ae84148b2352271daad639ecafe57fb69826fda3e6,text/html,
kcc-provider__data-documentation__c4fa50334c,kcc-provider,Data Documentation | ResDAC,html,https://resdac.org/cms-data/files/kcc-provider/data-documentation,data/raw/html/documentation_page/c4fa50334c1175ef859ebe88ea9d6412a832ddc1.html,1e0cab1b7b0036e98099b2187adff1fb7b9d2442a0c10a851bc4e31f9073562d,text/html,
lcds__data-documentation__d03f5e35c4,lcds,Data Documentation | ResDAC,html,https://resdac.org/cms-data/files/lcds/data-documentation,data/raw/html/documentation_page/d03f5e35c48c181d6d320cd2dab0e8c632d90600.html,e7c55e0e0e8ae87871c9f574282df80bfa018b263d679f137d1c26064b99e1d9,text/html,
max-ip__data-documentation__515e0f4b8a,max-ip,Data Documentation | ResDAC,html,https://resdac.org/cms-data/files/max-ip/data-documentation,data/raw/html/documentation_page/515e0f4b8a82429031028f6befb46024fb536839.html,12bd28bb728d8b07c1c0f08e70a04c7bee3527c15df7bea8fb9ee4a772ae46d2,text/html,
max-ip__max-20taf-20availability-20matrix_xlsx__5733e7b321,max-ip,T-MSIS Analytic File Demographic and Eligibility | ResDAC,xlsx,https://resdac.org/sites/datadocumentation.resdac.org/files/2022-10/MAX%20TAF%20Availability%20Matrix.xlsx,data/raw/assets/xlsx/5733e7b321caf5443c6882f53a8ed2ecd7b102fa.xlsx,2c1a3e675ed7df21b7488b326905a0dcdb7f51c59f91cfa4eba1d486a6790c05,application/vnd.openxmlformats-officedocument.spreadsheetml.sheet,
max-lt__data-documentation__a8432c524b,max-lt,Data Documentation | ResDAC,html,https://resdac.org/cms-data/files/max-lt/data-documentation,data/raw/html/documentation_page/a8432c524b85150fc96bbb6683c157ef98a21669.html,f7e595af4de892fe3be3b91256f93fc5092e3a4723307aaa3448d306e1fe3f91,text/html,
max-lt__max-20taf-20availability-20matrix_xlsx__5733e7b321,max-lt,T-MSIS Analytic File Demographic and Eligibility | ResDAC,xlsx,https://resdac.org/sites/datadocumentation.resdac.org/files/2022-10/MAX%20TAF%20Availability%20Matrix.xlsx,data/raw/assets/xlsx/5733e7b321caf5443c6882f53a8ed2ecd7b102fa.xlsx,2c1a3e675ed7df21b7488b326905a0dcdb7f51c59f91cfa4eba1d486a6790c05,application/vnd.openxmlformats-officedocument.spreadsheetml.sheet,
max-ot__data-documentation__cb6a1fe893,max-ot,Data Documentation | ResDAC,html,https://resdac.org/cms-data/files/max-ot/data-documentation,data/raw/html/documentation_page/cb6a1fe893be87f24ba21899636e73ef0ee381c1.html,1b61d687fc504407e9fc29f50be66b87b95b47d6e3e5af4c631e7a5619fba6ec,text/html,
max-ot__max-20taf-20availability-20matrix_xlsx__5733e7b321,max-ot,T-MSIS Analytic File Demographic and Eligibility | ResDAC,xlsx,https://resdac.org/sites/datadocumentation.resdac.org/files/2022-10/MAX%20TAF%20Availability%20Matrix.xlsx,data/raw/assets/xlsx/5733e7b321caf5443c6882f53a8ed2ecd7b102fa.xlsx,2c1a3e675ed7df21b7488b326905a0dcdb7f51c59f91cfa4eba1d486a6790c05,application/vnd.openxmlformats-officedocument.spreadsheetml.sheet,
max-ps__data-documentation__ee72101e0e,max-ps,Data Documentation | ResDAC,html,https://resdac.org/cms-data/files/max-ps/data-documentation,data/raw/html/documentation_page/ee72101e0e61a1b62a9270b09d561b89f8152816.html,c6d0ef224b054fb9c4a30508928d26300f19466777205bfc2024941d84d11bc5,text/html,
max-ps__max-20taf-20availability-20matrix_xlsx__5733e7b321,max-ps,T-MSIS Analytic File Demographic and Eligibility | ResDAC,xlsx,https://resdac.org/sites/datadocumentation.resdac.org/files/2022-10/MAX%20TAF%20Availability%20Matrix.xlsx,data/raw/assets/xlsx/5733e7b321caf5443c6882f53a8ed2ecd7b102fa.xlsx,2c1a3e675ed7df21b7488b326905a0dcdb7f51c59f91cfa4eba1d486a6790c05,application/vnd.openxmlformats-officedocument.spreadsheetml.sheet,
max-ps__record-layout-max_xlsx__24c312da5a,max-ps,Data Documentation | ResDAC,xlsx,https://www2.ccwdata.org/documents/10280/19022436/record-layout-max.xlsx,data/raw/assets/xlsx/24c312da5a32f99e973f5de6c546195664e72c3a.xlsx,6506464aea05a3e807a680366b3a41ecbb06230f6eb49967e2a4b95018e7a2ca,application/vnd.openxmlformats-officedocument.spreadsheetml.sheet,
max-rx__data-documentation__245e1542b6,max-rx,Data Documentation | ResDAC,html,https://resdac.org/cms-data/files/max-rx/data-documentation,data/raw/html/documentation_page/245e1542b60667a079cb2e389190d43128123fbf.html,600443eda9d13dc092e6a07a9e8ee2d234d1ae09e1d51f2d72b9584cea452d4d,text/html,
max-rx__max-20taf-20availability-20matrix_xlsx__5733e7b321,max-rx,T-MSIS Analytic File Demographic and Eligibility | ResDAC,xlsx,https://resdac.org/sites/datadocumentation.resdac.org/files/2022-10/MAX%20TAF%20Availability%20Matrix.xlsx,data/raw/assets/xlsx/5733e7b321caf5443c6882f53a8ed2ecd7b102fa.xlsx,2c1a3e675ed7df21b7488b326905a0dcdb7f51c59f91cfa4eba1d486a6790c05,application/vnd.openxmlformats-officedocument.spreadsheetml.sheet,
mbisg__data-documentation__38b915f246,mbisg,Data Documentation | ResDAC,html,https://resdac.org/cms-data/files/mbisg/data-documentation,data/raw/html/documentation_page/38b915f246a9143b94c1fce3618ed3d184a9ff07.html,e18c95fe93575e9f6e7c268b197713aceb5fc8e68553e4e45e5e96e8192ea0a8,text/html,
mbisg__record-layout-mbisg_xlsx__8339b94387,mbisg,Data Documentation | ResDAC,xlsx,https://www2.ccwdata.org/documents/10280/19022436/record-layout-mbisg.xlsx,data/raw/assets/xlsx/8339b9438785fd135da3bd57eca7910fa46eea2d.xlsx,a9321538f9e132d2a1f3583296ccb1841b63c0a7dc84bf78e2bac13cfd358680,application/vnd.openxmlformats-officedocument.spreadsheetml.sheet,
mbsf-27-cc__ccw-condition-categories-impact-of-transition-from-27-to-30_pdf__397fc86416,mbsf-27-cc,Master Beneficiary Summary File 30 CCW Chronic Conditions | ResDAC,pdf,https://www2.ccwdata.org/documents/10280/19002256/ccw-condition-categories-impact-of-transition-from-27-to-30.pdf,data/raw/assets/pdf/397fc86416f84595f04fdcac403dfce16ac06e4d.pdf,1133b034d954cb87e88cfdbecfbce99740daac1703ba36cff9e0cf9ac0476bef,application/pdf,
mbsf-27-cc__codebook-mbsf-cc_pdf__67b8f2251b,mbsf-27-cc,Data Documentation | ResDAC,pdf,https://www2.ccwdata.org/documents/10280/19022436/codebook-mbsf-cc.pdf,data/raw/assets/pdf/67b8f2251b8ce41fa22290227e10b8b8ec333559.pdf,006108893d6bb1e3892b785602669233e80fd5128695d825e68d64e7978eafe6,application/pdf,
mbsf-27-cc__data-documentation__2b9d0b9108,mbsf-27-cc,Data Documentation | ResDAC,html,https://resdac.org/cms-data/files/mbsf-27-cc/data-documentation,data/raw/html/documentation_page/2b9d0b9108c1a0a1122d15cc0b7b6b54dbdb5472.html,43acbf658a6031a6c01b44897bc0ce8f52eeb1391af2e4a682cbde89adfe31c6,text/html,
mbsf-27-cc__record-layout-mbsf-cc_xlsx__9b3251247c,mbsf-27-cc,Data Documentation | ResDAC,xlsx,https://www2.ccwdata.org/documents/10280/19022436/record-layout-mbsf-cc.xlsx,data/raw/assets/xlsx/9b3251247c196c2ff5244785fa3366fd9b900eec.xlsx,ff46545742f6f53a86e039a628dd400749461ffe102bb85ab6b7af4235df7baf,application/vnd.openxmlformats-officedocument.spreadsheetml.sheet,
mbsf-30-cc__ccw-condition-categories-impact-of-transition-from-27-to-30_pdf__397fc86416,mbsf-30-cc,Master Beneficiary Summary File 30 CCW Chronic Conditions | ResDAC,pdf,https://www2.ccwdata.org/documents/10280/19002256/ccw-condition-categories-impact-of-transition-from-27-to-30.pdf,data/raw/assets/pdf/397fc86416f84595f04fdcac403dfce16ac06e4d.pdf,1133b034d954cb87e88cfdbecfbce99740daac1703ba36cff9e0cf9ac0476bef,application/pdf,
mbsf-30-cc__codebook-mbsf-chronic_pdf__0f9abc3685,mbsf-30-cc,Data Documentation | ResDAC,pdf,https://www2.ccwdata.org/documents/10280/19022436/codebook-mbsf-chronic.pdf,data/raw/assets/pdf/0f9abc36852dae6ab7448d07437b996a225a6692.pdf,5e20bb63c821d08772523a7df69bc57bacfe5cdb94eefcbba5d6f9be919bff2c,application/pdf,
mbsf-30-cc__data-documentation__9e2ca0693b,mbsf-30-cc,Data Documentation | ResDAC,html,https://resdac.org/cms-data/files/mbsf-30-cc/data-documentation,data/raw/html/documentation_page/9e2ca0693b3dbdcb0520118ea85e4cb91daa6b16.html,8930a998348b4dec08ea77807b12eadf394a0ebae918e944e76b4af018e7833c,text/html,
mbsf-30-cc__record-layout-mbsf-chronic_xlsx__fbf7beba01,mbsf-30-cc,Data Documentation | ResDAC,xlsx,https://www2.ccwdata.org/documents/10280/19022436/record-layout-mbsf-chronic.xlsx,data/raw/assets/xlsx/fbf7beba01bf4890eb76a8a9cf8a66fdb3f15943.xlsx,33997f843205c6e37d37362b7e21ca9f36860dbbf466901373afcd6d397e6a26,application/vnd.openxmlformats-officedocument.spreadsheetml.sheet,
mbsf-base-v2__codebook-mbsf-abcd-v2_pdf__88dec20615,mbsf-base-v2,Data Documentation | ResDAC,pdf,https://www2.ccwdata.org/documents/10280/19022436/codebook-mbsf-abcd-v2.pdf,data/raw/assets/pdf/88dec20615b0691efc1812370c27a4f1825aa109.pdf,844336b7541865e79b6e3e07c0c4a7fad166cd72ac9d6faf8c0b445590386861,application/pdf,
mbsf-base-v2__data-documentation__b91468f33f,mbsf-base-v2,Data Documentation | ResDAC,html,https://resdac.org/cms-data/files/mbsf-base-v2/data-documentation,data/raw/html/documentation_page/b91468f33fb5b52e49387fc35c1714881709422e.html,f3f0bcef0ce1253e4edbf8800c6d4a21e7edf0cbebbb1e09ac9deeea5ec26cf7,text/html,
mbsf-base-v2__record-layout-mbsf-abcd-v2_xlsx__a0ef66affe,mbsf-base-v2,Data Documentation | ResDAC,xlsx,https://www2.ccwdata.org/documents/10280/19022436/record-layout-mbsf-abcd_v2.xlsx,data/raw/assets/xlsx/a0ef66affe71438d4b00c6abcd0c09c66365d4f4.xlsx,519b343d16667d1df1b483edc3c71d592aa856e25b27afc92b26a4e318ec9d81,application/vnd.openxmlformats-officedocument.spreadsheetml.sheet,
mbsf-base__codebook-mbsf-abcd_pdf__3ce60d9c5a,mbsf-base,Data Documentation | ResDAC,pdf,https://www2.ccwdata.org/documents/10280/19022436/codebook-mbsf-abcd.pdf,data/raw/assets/pdf/3ce60d9c5a3b97f691686c5fdd76b1f633f07612.pdf,42894b79c0b15773713dbb0602c39a1562e893bd7b104d8891a4c85546bc20e1,application/pdf,
mbsf-base__data-documentation__40a74fab8a,mbsf-base,Data Documentation | ResDAC,html,https://resdac.org/cms-data/files/mbsf-base/data-documentation,data/raw/html/documentation_page/40a74fab8ae8f274c1bc32c721391677d6a40df2.html,72ca14aee58d5cc95f80d33804378ab2521a4b8335fd2a9b13b9c5d001945eee,text/html,
mbsf-base__record-layout-mbsf-abcd_xlsx__de6db88815,mbsf-base,Data Documentation | ResDAC,xlsx,https://www2.ccwdata.org/documents/10280/19022436/record-layout-mbsf-abcd.xlsx,data/raw/assets/xlsx/de6db88815fd35a07bc4a64e25b046ac01c8bd8b.xlsx,04348b4a9c7c913a8c9c45c58f7f8891e652bbfc3bb5038e31c5b81faafca764,application/vnd.openxmlformats-officedocument.spreadsheetml.sheet,
mbsf-cc__ccw-condition-categories-impact-of-transition-from-27-to-30_pdf__397fc86416,mbsf-cc,Master Beneficiary Summary File 30 CCW Chronic Conditions | ResDAC,pdf,https://www2.ccwdata.org/documents/10280/19002256/ccw-condition-categories-impact-of-transition-from-27-to-30.pdf,data/raw/assets/pdf/397fc86416f84595f04fdcac403dfce16ac06e4d.pdf,1133b034d954cb87e88cfdbecfbce99740daac1703ba36cff9e0cf9ac0476bef,application/pdf,
mbsf-cost-and-use__codebook-mbsf-cu_pdf__b8f25df8d8,mbsf-cost-and-use,Data Documentation | ResDAC,pdf,https://www2.ccwdata.org/documents/10280/19022436/codebook-mbsf-cu.pdf,data/raw/assets/pdf/b8f25df8d81906f5defd1b315d22b81093ed2f5d.pdf,c6f9f92a9eaf662d6aa26158d5a7979862202f6f821c6bc6b04b8620fbc68ac4,application/pdf,
mbsf-cost-and-use__data-documentation__56c6b73e3a,mbsf-cost-and-use,Data Documentation | ResDAC,html,https://resdac.org/cms-data/files/mbsf-cost-and-use/data-documentation,data/raw/html/documentation_page/56c6b73e3a16f39742a040f570ae1101a0db5d4a.html,8ac6e3ec208e064e08677d94d6d0954ed583443bf57bea75c2187ac21048e2c5,text/html,
mbsf-cost-and-use__record-layout-mbsf-cu_xlsx__72215e0249,mbsf-cost-and-use,Data Documentation | ResDAC,xlsx,https://www2.ccwdata.org/documents/10280/19022436/record-layout-mbsf-cu.xlsx,data/raw/assets/xlsx/72215e024991fc135c2c270dd5ad3ef3083d8561.xlsx,c80afd1169abf6024cf35bc8113db615f56121d97cfcffd187f7ed38a26eb652,application/vnd.openxmlformats-officedocument.spreadsheetml.sheet,
mbsf-ndi__codebook-mbsf-ndi_pdf__ce6bdf20b0,mbsf-ndi,Data Documentation | ResDAC,pdf,https://www2.ccwdata.org/documents/10280/19022436/codebook-mbsf-ndi.pdf,data/raw/assets/pdf/ce6bdf20b0b93d7392f33d70b2137cdee1ec7e21.pdf,6e752f8d1bfa0334dd3ca96f52f1f147fc4d78b69c66610005845278618b9a69,application/pdf,
mbsf-ndi__data-documentation__3e2c6de343,mbsf-ndi,Data Documentation | ResDAC,html,https://resdac.org/cms-data/files/mbsf-ndi/data-documentation,data/raw/html/documentation_page/3e2c6de343e763d4853bd71b6a39d6860c145fb8.html,ede988a8fca6600e938fdfabb4f5c07d02f5b82d010092d9a4903624b26986dd,text/html,
mbsf-ndi__record-layout-mbsf-ndi_xlsx__21e721b4ec,mbsf-ndi,Data Documentation | ResDAC,xlsx,https://www2.ccwdata.org/documents/10280/19022436/record-layout-mbsf-ndi.xlsx,data/raw/assets/xlsx/21e721b4ec64c624ca4af0c2f9b8d19c80c4925d.xlsx,12902512fb450a670f020dabec512a415f69307826448a5b4a54a7c2adcf14f5,application/vnd.openxmlformats-officedocument.spreadsheetml.sheet,
mbsf-other-conditions__codebook-mbsf-other_pdf__c4c0224035,mbsf-other-conditions,Data Documentation | ResDAC,pdf,https://www2.ccwdata.org/documents/10280/19022436/codebook-mbsf-other.pdf,data/raw/assets/pdf/c4c02240350e73a79a885b327567f3b5714475c3.pdf,77221172ef37e84be3d3ea67d8eb758deb2f0e19fef41300c8220d1eef12b0de,application/pdf,
mbsf-other-conditions__data-documentation__a5a68b101c,mbsf-other-conditions,Data Documentation | ResDAC,html,https://resdac.org/cms-data/files/mbsf-other-conditions/data-documentation,data/raw/html/documentation_page/a5a68b101c9149eb5f1459b2813c233bfc0b09cc.html,3e54c0400009b621190c3c4e6d6b51ee6ed08cbc2f37f31e6f1517b59f7c5f2c,text/html,
mbsf-other-conditions__record-layout-mbsf-other_xlsx__cc8c2fac5a,mbsf-other-conditions,Data Documentation | ResDAC,xlsx,https://www2.ccwdata.org/documents/10280/19022436/record-layout-mbsf-other.xlsx,data/raw/assets/xlsx/cc8c2fac5a2291b61e5426cbe53c089c37e0e38c.xlsx,196d27e36e3182dcf53253a5771f22b3bd92296a649fec72efb948b50a1b0261,application/vnd.openxmlformats-officedocument.spreadsheetml.sheet,
md-ppas__data-documentation__9da6c8835d,md-ppas,Data Documentation | ResDAC,html,https://resdac.org/cms-data/files/md-ppas/data-documentation,data/raw/html/documentation_page/9da6c8835d094b8ac763fa071d7ff3fa073244a0.html,3a78a8639c879a17550327539ab027854db261accd32b9acdc684841f69a072f,text/html,
md-ppas__record-layout-mdppas_pdf__583b8c5935,md-ppas,Data Documentation | ResDAC,pdf,https://www2.ccwdata.org/documents/10280/19022436/record-layout-mdppas.pdf,data/raw/assets/pdf/583b8c59350c60f3a057b741c5d5e47e73c3d990.pdf,8897d9839f75e0a8af8f8e6a7eb120770fa9ea7b6fd9077779092f663f713537,application/pdf,
mds-20__data-documentation__212d4acbdc,mds-20,Data Documentation | ResDAC,html,https://resdac.org/cms-data/files/mds-20/data-documentation,data/raw/html/documentation_page/212d4acbdc4d2ff0f0387d6caa382348cc14e432.html,3d710ed55ab384d8d0264fe8af08f6bbc2a33a193909ff3580bd99e0b4c5ce4e,text/html,
mds-20__record-layout-mds-2-0_xlsx__3217847391,mds-20,Data Documentation | ResDAC,xlsx,https://www2.ccwdata.org/documents/10280/19022436/record-layout-mds-2-0.xlsx,data/raw/assets/xlsx/3217847391ddeaf11fa2cd9c65f18561d39d28aa.xlsx,8626ff726081fe6ed26d2ce205d276630f9cc884d381122eff85c9e311abeea2,application/vnd.openxmlformats-officedocument.spreadsheetml.sheet,
mds-30__data-documentation__4a3f17be70,mds-30,Data Documentation | ResDAC,html,https://resdac.org/cms-data/files/mds-30/data-documentation,data/raw/html/documentation_page/4a3f17be70c5897dbbc31267e576f11357117b8b.html,be215db2baa06ececaff6d24096c0f6b0f7bdc5aa41d7bd49c4e29c0867679ee,text/html,
mds-30__record-layout-mds-3-0_xlsx__55bd4e4e66,mds-30,Data Documentation | ResDAC,xlsx,https://www2.ccwdata.org/documents/10280/19022436/record-layout-mds-3-0.xlsx,data/raw/assets/xlsx/55bd4e4e66fb4eda32461631b671f7a2d6770e14.xlsx,3f1ebd020f22c60fc7777da800ff6d34fa23190894ab46c81f8768a19f161919,application/vnd.openxmlformats-officedocument.spreadsheetml.sheet,
mds-sb-20__data-documentation__073f2b4692,mds-sb-20,Data Documentation | ResDAC,html,https://resdac.org/cms-data/files/mds-sb-20/data-documentation,data/raw/html/documentation_page/073f2b4692e1bedb9dbef02adf23af877bb97f9a.html,d5c381c780ce865b7c21d0368a6e26080ebad4b9ed1b22954651a04514f420bd,text/html,
mds-sb-20__record-layout-sb-2-0_xlsx__b75622ce61,mds-sb-20,Data Documentation | ResDAC,xlsx,https://www2.ccwdata.org/documents/10280/19022436/record-layout-sb-2-0.xlsx,data/raw/assets/xlsx/b75622ce6136dda733759e7be67a80bd728fb9cc.xlsx,bcb5246b7968ceeec153dd2881f1dce9f1a36f4f120aac4aab229b98bc944e50,application/vnd.openxmlformats-officedocument.spreadsheetml.sheet,
mds-sb-30__data-documentation__649cfc494d,mds-sb-30,Data Documentation | ResDAC,html,https://resdac.org/cms-data/files/mds-sb-30/data-documentation,data/raw/html/documentation_page/649cfc494d3557dc1990361df165ccc29c01e5c5.html,e76ae7d596936787d4cff1b87c77229b712ae031742bf6a711fbfa771bfb635b,text/html,
mds-sb-30__record-layout-sb-3-0_xlsx__7b43e2c2ec,mds-sb-30,Data Documentation | ResDAC,xlsx,https://www2.ccwdata.org/documents/10280/19022436/record-layout-sb-3-0.xlsx,data/raw/assets/xlsx/7b43e2c2ec335c4fd39f2442454c69e22012d928.xlsx,e50b8f5e34ab458451269195e9ab89a4294972f14ee4c1ee0dd3207be0776faf,application/vnd.openxmlformats-officedocument.spreadsheetml.sheet,
medpar__codebook-medpar_pdf__01880a8f13,medpar,Data Documentation | ResDAC,pdf,https://www2.ccwdata.org/documents/10280/19022436/Codebook-MedPAR.pdf,data/raw/assets/pdf/01880a8f130acdc0b26ba14dd05f81632589ce24.pdf,1751fb62645bb033f15d8bd88e39c73c79177b57b6ef523c15756b7fb42a2bdb,application/pdf,
medpar__data-documentation__776a51d77c,medpar,Data Documentation | ResDAC,html,https://resdac.org/cms-data/files/medpar/data-documentation,data/raw/html/documentation_page/776a51d77c856d4766b5eb9e5457d692139041ce.html,22266594be30b7a2d99d8acecfa058d26884297f48b5cc7b95477b5e1e411190,text/html,
medpar__record-layout-medpar_xlsx__5102eebaa8,medpar,Data Documentation | ResDAC,xlsx,https://www2.ccwdata.org/documents/10280/19022436/record-layout-medpar.xlsx,data/raw/assets/xlsx/5102eebaa83ce0afcc10dbf0a4e0dc3d6d4c08f9.xlsx,0169f869e2f05568b1211024122001d1e966fa94bc648c279c74abb9b7cf93e3,application/vnd.openxmlformats-officedocument.spreadsheetml.sheet,
mesf-conditions__data-documentation__e252ae2091,mesf-conditions,Data Documentation | ResDAC,html,https://resdac.org/cms-data/files/mesf-conditions/data-documentation,data/raw/html/documentation_page/e252ae2091db2798540dec6536db5aca3f78d6b2.html,53a98b7df91c6e0b4cbe95e4178de34101e95ee41a806afce1e36ed03dfe2e53,text/html,
mesf-conditions__record-layout-mesf-cc_xlsx__b3af3fbfad,mesf-conditions,Data Documentation | ResDAC,xlsx,https://www2.ccwdata.org/documents/10280/19022436/record-layout-mesf-cc.xlsx,data/raw/assets/xlsx/b3af3fbfad2f6ed43af3c60fe6a83820ef895ce6.xlsx,c626d950719f7330105578891b849ef517bc0fde35c8dc81ae557ef1b40866c1,application/vnd.openxmlformats-officedocument.spreadsheetml.sheet,
mesf-ndi__data-documentation__856a7e4838,mesf-ndi,Data Documentation | ResDAC,html,https://resdac.org/cms-data/files/mesf-ndi/data-documentation,data/raw/html/documentation_page/856a7e4838643c566306030b513d1693d008b4c5.html,4230416c90037ef01f6d8a06c5b651c4421a29251e290f44967e194fcae3c15a,text/html,
mesf-ndi__record-layout-mesf-ndi_xlsx__edccadc030,mesf-ndi,Data Documentation | ResDAC,xlsx,https://www2.ccwdata.org/documents/10280/19022436/record-layout-mesf-ndi.xlsx,data/raw/assets/xlsx/edccadc03022c2b4259911530b84bb73631f6fbb.xlsx,2430f8410855164e76bec12e958ddcb887e445667a178e7827f8efc91bec17e6,application/vnd.openxmlformats-officedocument.spreadsheetml.sheet,
million-hearts-model-alignment__data-documentation__48fc5d682b,million-hearts-model-alignment,Data Documentation | ResDAC,html,https://resdac.org/cms-data/files/million-hearts-model-alignment/data-documentation,data/raw/html/documentation_page/48fc5d682bc1c7af9247fa6777ca8daf93550d55.html,94f162fd2496f4405f7ad6fa3636352770266c85a217542953f72314e5b17d7e,text/html,
million-hearts-model-beneficiary-demographic__data-documentation__895eae4a3a,million-hearts-model-beneficiary-demographic,Data Documentation | ResDAC,html,https://resdac.org/cms-data/files/million-hearts-model-beneficiary-demographic/data-documentation,data/raw/html/documentation_page/895eae4a3a6048f9a194064d52304b48b989ef93.html,88e6878a06bee845672640303482c8f987e42be1001f4a2c8eb89e564c003fc6,text/html,
million-hearts-model-final-clinical__data-documentation__e68acb1b3d,million-hearts-model-final-clinical,Data Documentation | ResDAC,html,https://resdac.org/cms-data/files/million-hearts-model-final-clinical/data-documentation,data/raw/html/documentation_page/e68acb1b3de2655f4c3f52d5a7407fca996e39d3.html,22fe8c02350a6335f2a393fbe60da25cee0542b396fa95831e035ca63fb30875,text/html,
million-hearts-model-practice-list__data-documentation__ef2a095405,million-hearts-model-practice-list,Data Documentation | ResDAC,html,https://resdac.org/cms-data/files/million-hearts-model-practice-list/data-documentation,data/raw/html/documentation_page/ef2a0954051ab868decb1ea31e3aa95aea747cde.html,5ed199d469c68a934936c87dfa5ee5ea180bb87da77b28b1a1f59970dcf2db83,text/html,
million-hearts-model-provider-list__data-documentation__b6e4194478,million-hearts-model-provider-list,Data Documentation | ResDAC,html,https://resdac.org/cms-data/files/million-hearts-model-provider-list/data-documentation,data/raw/html/documentation_page/b6e41944789cc97717066cf39b1d799460cdaabe.html,d63bd9b887203ab0263cab7cd37224e726748d2c88fec7f93c4dcd96455a620a,text/html,
million-hearts-model-raw-clinical__data-documentation__324991801e,million-hearts-model-raw-clinical,Data Documentation | ResDAC,html,https://resdac.org/cms-data/files/million-hearts-model-raw-clinical/data-documentation,data/raw/html/documentation_page/324991801e4f1b28b7838dcada3d35c60afd56e1.html,ce29fa6ad99e92f731e4c204d7a79247fa69ca11b8061fae52b8f09cf87384bb,text/html,
million-hearts-model-visit__data-documentation__1f3b44a193,million-hearts-model-visit,Data Documentation | ResDAC,html,https://resdac.org/cms-data/files/million-hearts-model-visit/data-documentation,data/raw/html/documentation_page/1f3b44a193ee97cae4f968a27927d3d117f6924b.html,96d3a0d90def7fd88ec7c8388055a0f7e32e631e57683efbffefb95f25d4ee2c,text/html,
million-hearts__data-documentation__4c3fafd69b,million-hearts,Data Documentation | ResDAC,html,https://resdac.org/cms-data/files/million-hearts/data-documentation,data/raw/html/documentation_page/4c3fafd69b6a70b54e68061d2d78c2f36666ae94.html,dc6d336be2ce2efcca0b26bfeecab7944988c02177148ef9ab8ddae5f1a642b3,text/html,
million-hearts__million-hearts-codebook_pdf__d3b20b87a0,million-hearts,Data Documentation | ResDAC,pdf,https://www2.ccwdata.org/documents/10280/19022436/million-hearts-codebook.pdf,data/raw/assets/pdf/d3b20b87a00316ac2738fff4fc36d32eecf35bb7.pdf,b6647c93715fe34b49419b9a3414ff180b0fffc0792e027edbfde704c959797e,application/pdf,
million-hearts__record-layout-million-hearts_xlsx__10a5b94754,million-hearts,Data Documentation | ResDAC,xlsx,https://www2.ccwdata.org/documents/10280/19022436/record-layout-million-hearts.xlsx,data/raw/assets/xlsx/10a5b94754c766cb1dad7c4ed5361d3db70f550d.xlsx,ad584079078bc38ef286663dd69501a5193648953578d135f4828788e6b0953f,application/vnd.openxmlformats-officedocument.spreadsheetml.sheet,
mmleads-2__data-documentation__eca4a89119,mmleads-2,Data Documentation | ResDAC,html,https://resdac.org/cms-data/files/mmleads-2/data-documentation,data/raw/html/documentation_page/eca4a891199749817452ed1b1d35aa5a880ac4f3.html,532d79cadd9dbee6f52aff9f8a977d58f47a62ecb74f3890077259c1236e1f50,text/html,
mmleads-2__record-layout-mmleads-2006-2012_xlsx__44dbf84b20,mmleads-2,Data Documentation | ResDAC,xlsx,https://www2.ccwdata.org/documents/10280/19022436/record-layout-mmleads-2006-2012.xlsx,data/raw/assets/xlsx/44dbf84b2079bde113ba3342dc52d79adaaab07f.xlsx,a9bd932cbde0974dfac80bc93ce44d2ad193527e2452639b584a88efc1353e1c,application/vnd.openxmlformats-officedocument.spreadsheetml.sheet,
mmleads-3__codebook-mmleads_pdf__536286800b,mmleads-3,Data Documentation | ResDAC,pdf,https://www2.ccwdata.org/documents/10280/19022436/codebook-mmleads.pdf,data/raw/assets/pdf/536286800bad660e7af16072eb5a63475d8835f9.pdf,ea5d73261395fc7e61a57745a9a555cbf728eff59142e78cd2386a9ff4b88948,application/pdf,
mmleads-3__data-documentation__94e426ac6d,mmleads-3,Data Documentation | ResDAC,html,https://resdac.org/cms-data/files/mmleads-3/data-documentation,data/raw/html/documentation_page/94e426ac6df090203083bffc9a6b039975585c37.html,8d050f113213fdcc1a1bd22aa5541c3828ee0db9436eafaa6352c57da2a32f83,text/html,
mmleads-3__record-layout-mmleads_xlsx__22736b9e52,mmleads-3,Data Documentation | ResDAC,xlsx,https://www2.ccwdata.org/documents/10280/19022436/record-layout-mmleads.xlsx,data/raw/assets/xlsx/22736b9e5259750d16e7bb38f8963a293e7b3e9c.xlsx,f1d517e4f8279f229c4082cb93ff6ed5711b342acb2aea1b0554398ad526d659,application/vnd.openxmlformats-officedocument.spreadsheetml.sheet,
ngaco-beneficiary__data-documentation__0fc2b1e684,ngaco-beneficiary,Data Documentation | ResDAC,html,https://resdac.org/cms-data/files/ngaco-beneficiary/data-documentation,data/raw/html/documentation_page/0fc2b1e68473fbe27627c6b2ac066fbab69d9d8c.html,324546ffc2fd626299230e27ac0f3ecfafb0365dfc3ab8e13f1e446b7ef15fba,text/html,
ngaco-beneficiary__record-layout-next-generation_xlsx__486207168f,ngaco-beneficiary,Data Documentation | ResDAC,xlsx,https://www2.ccwdata.org/documents/10280/19022436/record-layout-next-generation.xlsx,data/raw/assets/xlsx/486207168fb11df3830f1b952de1d345767ec72c.xlsx,5de0d29e4c167e59385240b441498337608f0f1ba41b25e76b03eec6b45f75dd,application/vnd.openxmlformats-officedocument.spreadsheetml.sheet,
ngaco-provider__data-documentation__a061a7bd7a,ngaco-provider,Data Documentation | ResDAC,html,https://resdac.org/cms-data/files/ngaco-provider/data-documentation,data/raw/html/documentation_page/a061a7bd7ac896c6f3d6062bbc93d6aef05f2850.html,a7fd47d6d94c605609f2e6fee12df9c83788fef1f8ba3ab6ba355bd827a0575c,text/html,
nhats__data-documentation__ec02548919,nhats,Data Documentation | ResDAC,html,https://resdac.org/cms-data/files/nhats/data-documentation,data/raw/html/documentation_page/ec02548919dc7981e0f338d9d4b8236dca7b6ee6.html,e3f6fe626ef09fdcff855e29d2ce48718551f5a3676b45415347a32dc71cf87e,text/html,
oasis__data-documentation__4b875ade54,oasis,Data Documentation | ResDAC,html,https://resdac.org/cms-data/files/oasis/data-documentation,data/raw/html/documentation_page/4b875ade545a448d64d89ac8a55a4acee1dc4708.html,350ee599c1ed4d9ba9b1b3eb5cfa404243e135aee2552a646e445ee688d9dd0d,text/html,
oasis__record-layout-oasis_xlsx__2102fe8aba,oasis,Data Documentation | ResDAC,xlsx,https://www2.ccwdata.org/documents/10280/19022436/record-layout-oasis.xlsx,data/raw/assets/xlsx/2102fe8aba60550816b99a0ae8ceb566105ee9b5.xlsx,899cdc6f850b12e86540dbe97cf883566211c82ce3523a2592e00d39b8e9b2d5,application/vnd.openxmlformats-officedocument.spreadsheetml.sheet,
ocm-clinical-and-staging__data-documentation__b38db69f59,ocm-clinical-and-staging,Data Documentation | ResDAC,html,https://resdac.org/cms-data/files/ocm-clinical-and-staging/data-documentation,data/raw/html/documentation_page/b38db69f5931b7c4f868a1c199411722e80400c5.html,dbc3b0083a631bf9d45bbfef51cf44194fad1749944baf4940c82cf99e00bb72,text/html,
ocm-current-clinical-status__codebook-ocm_pdf__687e14bf31,ocm-current-clinical-status,Data Documentation | ResDAC,pdf,https://www2.ccwdata.org/documents/10280/19022436/codebook-ocm.pdf,data/raw/assets/pdf/687e14bf310457071225d4833378b7f8cecd7290.pdf,0f45ea1d498de94c4119806467a39a8e36712b01fa31e8581342aeed1556cddb,application/pdf,
ocm-current-clinical-status__data-documentation__48a7e5faf1,ocm-current-clinical-status,Data Documentation | ResDAC,html,https://resdac.org/cms-data/files/ocm-current-clinical-status/data-documentation,data/raw/html/documentation_page/48a7e5faf18b8abe2883eacd74972225c4f0cfa7.html,6a4fb8efda547e5130fd69c87f569ffa48f755c863f71aa36a1292a9baffbcd8,text/html,
ocm-current-clinical-status__record-layout-ocm_xlsx__841670bf41,ocm-current-clinical-status,Data Documentation | ResDAC,xlsx,https://www2.ccwdata.org/documents/10280/19022436/record-layout-ocm.xlsx,data/raw/assets/xlsx/841670bf413cf4120155451b7395c917931706ff.xlsx,f7aa42a51f9afce5812136f4fd7480adb58118d500460015b1005c6450fe3494,application/vnd.openxmlformats-officedocument.spreadsheetml.sheet,
ocm__data-documentation__3c1590926e,ocm,Data Documentation | ResDAC,html,https://resdac.org/cms-data/files/ocm/data-documentation,data/raw/html/documentation_page/3c1590926ed1a05cd03fe956318ad2584c71b0a5.html,1b2e71b6d2ac97bdb33b7d589e7f8198606cf72805aa1136ccb805467a921106,text/html,
op-encounter__data-documentation__cc8c9ec100,op-encounter,Data Documentation | ResDAC,html,https://resdac.org/cms-data/files/op-encounter/data-documentation,data/raw/html/documentation_page/cc8c9ec10085c1e35a3492144e3ee40013ca2d48.html,220c423b95864a83e3c14af217a18a2a8e47b81c431ef27980dec6aae0a84678,text/html,
op-ffs__data-documentation__98b7c41c59,op-ffs,Data Documentation | ResDAC,html,https://resdac.org/cms-data/files/op-ffs/data-documentation,data/raw/html/documentation_page/98b7c41c59324a19534b3a875a60fe0f7a82596e.html,989f77f8ae52b308627896a001d5688d813484b7cb387c74a7e044a9fdaa1133,text/html,
part-d-drug-characteristics__data-documentation__94330ae01c,part-d-drug-characteristics,Data Documentation | ResDAC,html,https://resdac.org/cms-data/files/part-d-drug-characteristics/data-documentation,data/raw/html/documentation_page/94330ae01c5174c465ae2ea92c4c7ac5374ce077.html,cf73e40630eeb0755249abe542be53f2978662ffc40c4ad09de509e0d5a24b5f,text/html,
part-d-formulary__codebook-ptd-formulary_pdf__d1317c4e80,part-d-formulary,Data Documentation | ResDAC,pdf,https://www2.ccwdata.org/documents/10280/19022436/codebook-ptd-formulary.pdf,data/raw/assets/pdf/d1317c4e806f94e2c200d2c99be272ebc6fc299c.pdf,7de6501b202070d135d27e693357d4ae16bdae4038ea451f262cd05e01a64f4b,application/pdf,
part-d-formulary__data-documentation__8d84b1bd65,part-d-formulary,Data Documentation | ResDAC,html,https://resdac.org/cms-data/files/part-d-formulary/data-documentation,data/raw/html/documentation_page/8d84b1bd651eeceaa76b852e04b843dc7e2242ad.html,9e09b0add3262c1c297e914df6cabe633dc49a1386fd619e2e01ed44035be1d2,text/html,
part-d-formulary__record-layout-ptd-formulary_xlsx__38598074c1,part-d-formulary,Data Documentation | ResDAC,xlsx,https://www2.ccwdata.org/documents/10280/19022436/record-layout-ptd-formulary.xlsx,data/raw/assets/xlsx/38598074c1dd858c02b65f05a48cc7e746745ec7.xlsx,b1066de4044fccf1ea5202b7213208e38e1abe3292ba5fd8f9be36d9fe3a45a0,application/vnd.openxmlformats-officedocument.spreadsheetml.sheet,
part-d-mtm__cfr-2012-title42-vol3-sec423-153_pdf__492f7d80dd,part-d-mtm,Find the CMS Data File You Need | ResDAC,pdf,https://gpo.gov/fdsys/pkg/CFR-2012-title42-vol3/pdf/CFR-2012-title42-vol3-sec423-153.pdf,data/raw/assets/pdf/492f7d80ddbe79657eaefafe04a93c65f61acb16.pdf,93eec99f8f1d80d3329f189d86cb819f9655be24ce5268799749c85c88397eba,application/pdf,
part-d-mtm__codebook-ptd-mtm_pdf__731de851b0,part-d-mtm,Data Documentation | ResDAC,pdf,https://www2.ccwdata.org/documents/10280/19022436/codebook-ptd-mtm.pdf,data/raw/assets/pdf/731de851b0e4f3aad282ff11affe4583677d01cf.pdf,4b00ba318b624a79eb8849439b6cd4691464ed7c95333cbe16e09d1dc4bd7afa,application/pdf,
part-d-mtm__data-documentation__fdfa84ffe3,part-d-mtm,Data Documentation | ResDAC,html,https://resdac.org/cms-data/files/part-d-mtm/data-documentation,data/raw/html/documentation_page/fdfa84ffe34c777e9f235d842396ad707b366f2e.html,0bd43621022e56766873a33df8235961b3f6c9581e2aa5bf1a639f7dc21b22ff,text/html,
part-d-mtm__record-layout-ptd-mtm_xlsx__0ff34c109e,part-d-mtm,Data Documentation | ResDAC,xlsx,https://www2.ccwdata.org/documents/10280/19022436/record-layout-ptd-mtm.xlsx,data/raw/assets/xlsx/0ff34c109e2a17f7f4331ca3d1d545920f22d3d5.xlsx,b6fdca02664b115727d07eebc0b868296fb994dcf2bab3f4d75da7eefb3bac16,application/vnd.openxmlformats-officedocument.spreadsheetml.sheet,
part-d-pharmacy-characteristics__codebook-ptd-pharm-char_pdf__58526b7375,part-d-pharmacy-characteristics,Data Documentation | ResDAC,pdf,https://www2.ccwdata.org/documents/10280/19022436/codebook-ptd-pharm-char.pdf,data/raw/assets/pdf/58526b73752036ae7547b8f5fa7fc8287000d944.pdf,1c4cd61e05043f87a309bc5be7529cf90a9604d86c0da4bbfdc9f37b6af51280,application/pdf,
part-d-pharmacy-characteristics__data-documentation__d62affc4d5,part-d-pharmacy-characteristics,Data Documentation | ResDAC,html,https://resdac.org/cms-data/files/part-d-pharmacy-characteristics/data-documentation,data/raw/html/documentation_page/d62affc4d53fdc4e8dcb747059a124cbc56c2cd2.html,647b2fcc15cfc32f56147757d178f290d5db83b13e70c24a57ee0fae1caa15d6,text/html,
part-d-pharmacy-characteristics__record-layout-pharm-char_xlsx__cc04ee7c68,part-d-pharmacy-characteristics,Data Documentation | ResDAC,xlsx,https://www2.ccwdata.org/documents/10280/19022436/record-layout-pharm-char.xlsx,data/raw/assets/xlsx/cc04ee7c6808c16f3ba84c100b6269bc17e26f68.xlsx,c8381be679c22601ca32c18f51736f5d1df482fdf98455bf877b1e9fb89d3c49,application/vnd.openxmlformats-officedocument.spreadsheetml.sheet,
part-d-plan-election-type-beneficiary-summary__codebook-ptd-plan-election-type-beneficiary-summary-file_pdf__d89f73f952,part-d-plan-election-type-beneficiary-summary,Data Documentation | ResDAC,pdf,https://www2.ccwdata.org/documents/10280/19022436/codebook-ptd-plan-election-type-beneficiary-summary-file.pdf,data/raw/assets/pdf/d89f73f9524b703a2cac0a3ae5eee514c245464b.pdf,335c7af558dc68b87ba2fb7a12bb54970e4760fa621e816dba82c7adec9c468f,application/pdf,
part-d-plan-election-type-beneficiary-summary__data-documentation__5f87a8e2e1,part-d-plan-election-type-beneficiary-summary,Data Documentation | ResDAC,html,https://resdac.org/cms-data/files/part-d-plan-election-type-beneficiary-summary/data-documentation,data/raw/html/documentation_page/5f87a8e2e116646c5b2efabbdfcab56530e7beb6.html,d66b742ad13c7d5af0455a20d172bec37ac8aa8e49ce25ed95ff47c1ef1c7127,text/html,
part-d-plan-election-type-beneficiary-summary__record-layout-ptd-plan-election-type-beneficiary-summary-file_xlsx__05350eff41,part-d-plan-election-type-beneficiary-summary,Data Documentation | ResDAC,xlsx,https://www2.ccwdata.org/documents/10280/19022436/record-layout-ptd-plan-election-type-beneficiary-summary-file.xlsx,data/raw/assets/xlsx/05350eff416176cf3b13b42182ffebfeda1500bf.xlsx,2913cec1fcba3797723cf9a73a0ebb30719d438453480e0e2c8ef9e69c71e33c,application/vnd.openxmlformats-officedocument.spreadsheetml.sheet,
part-d-prescriber-characteristics__codebook-ptd-prescriber-char_pdf__b70eaaf194,part-d-prescriber-characteristics,Data Documentation | ResDAC,pdf,https://www2.ccwdata.org/documents/10280/19022436/codebook-ptd-prescriber-char.pdf,data/raw/assets/pdf/b70eaaf19460c5ee9e1883b905ce7befb8a5cc2f.pdf,abf85dc5d7ebdbe6409322492046558177f195014d546ad987dc62b1f2ba5e93,application/pdf,
part-d-prescriber-characteristics__data-documentation__ae59941089,part-d-prescriber-characteristics,Data Documentation | ResDAC,html,https://resdac.org/cms-data/files/part-d-prescriber-characteristics/data-documentation,data/raw/html/documentation_page/ae59941089310a85e905460c13cb389f71abb0b5.html,0b00ce1b5ca176c91cf0f13b9eb875be7b3966835f3476b55f9fb706df011123,text/html,
part-d-prescriber-characteristics__record-layout-ptd-prescriber-char_xlsx__cdba8b9984,part-d-prescriber-characteristics,Data Documentation | ResDAC,xlsx,https://www2.ccwdata.org/documents/10280/19022436/record-layout-ptd-prescriber-char.xlsx,data/raw/assets/xlsx/cdba8b9984d9984d2f7918f548d349b2d33a4aa8.xlsx,c9c8d6724ba9cc315c8b1456aa97af442f88fd804b78a18c606a1e1850f82b47,application/vnd.openxmlformats-officedocument.spreadsheetml.sheet,
pde__codebook-pde_pdf__c8d3789e9b,pde,Data Documentation | ResDAC,pdf,https://www2.ccwdata.org/documents/10280/19022436/codebook-pde.pdf,data/raw/assets/pdf/c8d3789e9b9a3e36ec93e4d39d180a1ab4ef52ce.pdf,efa854b049b25b04553fb317c67f996f9c57c914462d1b0d40c0522fd6f706b8,application/pdf,
pde__data-documentation__2a1223d466,pde,Data Documentation | ResDAC,html,https://resdac.org/cms-data/files/pde/data-documentation,data/raw/html/documentation_page/2a1223d466fb5dbda86f26f54710b8ccf2e5e797.html,3a83e635ef46bc7681fcdc477711134c6d983596b03e2f09775a5c7f84459fd3,text/html,
pde__record-layout-pde_xlsx__10e3b41cc3,pde,Data Documentation | ResDAC,xlsx,https://www2.ccwdata.org/documents/10280/19022436/record-layout-pde.xlsx,data/raw/assets/xlsx/10e3b41cc377b7165469269d45f85ae89f9baed4.xlsx,7a555cab108067a20cf37175a5ef85d548f23656b71ef6c9f735224e85c9b64b,application/vnd.openxmlformats-officedocument.spreadsheetml.sheet,
pioneer-aco__codebook-aco-pioneer-v2_pdf__e9794fb02d,pioneer-aco,Data Documentation | ResDAC,pdf,https://www2.ccwdata.org/documents/10280/19022436/codebook-aco-pioneer-v2.pdf,data/raw/assets/pdf/e9794fb02d175a1909be3f0dea52965ad4524cdd.pdf,161931c3c5efb18b3ece46b7a0d2b82c473ae55cb27544fe72ec4f7024d82df9,application/pdf,
pioneer-aco__data-documentation__fbf03a23f2,pioneer-aco,Data Documentation | ResDAC,html,https://resdac.org/cms-data/files/pioneer-aco/data-documentation,data/raw/html/documentation_page/fbf03a23f28d2958758965b82ec1ff240da093a5.html,4d05225c901529542fd4b1d30b7ed84c31fefdbca394e118e3a716296a5b8187,text/html,
pioneer-aco__record-layout-aco-pioneer-v2_xlsx__7957b5f6c4,pioneer-aco,Data Documentation | ResDAC,xlsx,https://www2.ccwdata.org/documents/10280/19022436/record-layout-aco-pioneer-v2.xlsx,data/raw/assets/xlsx/7957b5f6c4da3ec2079167ec3fad059f4bf72ffc.xlsx,69186ec15da40aecec4055140e01a849b0f996da252d424720b3874d1323f8c0,application/vnd.openxmlformats-officedocument.spreadsheetml.sheet,
plan-characteristics__codebook-plan-char_pdf__77e437e4fb,plan-characteristics,Data Documentation | ResDAC,pdf,https://www2.ccwdata.org/documents/10280/19022436/codebook-plan-char.pdf,data/raw/assets/pdf/77e437e4fbf75223d4afb45fb37a8a975a86839b.pdf,79eacbdc604d941d9028250d9690e4b7830600c195acdc0dd0bb7e650b2dffc2,application/pdf,
plan-characteristics__codebook-ptd-plan-char-2007-2014_pdf__7bfed28cbc,plan-characteristics,Data Documentation | ResDAC,pdf,https://www2.ccwdata.org/documents/10280/19022436/codebook-ptd-plan-char-2007-2014.pdf,data/raw/assets/pdf/7bfed28cbc6d638a0319dd5eddbf46ee872d129f.pdf,13f37045b5b1a582c7b84d0ca97a4eb076dea6842396728029b285ce54536ee3,application/pdf,
plan-characteristics__data-documentation__c3c2acbfb3,plan-characteristics,Data Documentation | ResDAC,html,https://resdac.org/cms-data/files/plan-characteristics/data-documentation,data/raw/html/documentation_page/c3c2acbfb35c7b8f0a715e1fb6dd7c4196347c4a.html,b856e6214cdd9c76cc2969baeba2a9a9c5b592d1b7a3614f3ee023fe39b48a61,text/html,
plan-characteristics__record-layout-plan-char_xlsx__fb2d5917eb,plan-characteristics,Data Documentation | ResDAC,xlsx,https://www2.ccwdata.org/documents/10280/19022436/record-layout-plan-char.xlsx,data/raw/assets/xlsx/fb2d5917eb403209d1bb6382dce2e9ae79a43582.xlsx,1f54e1f5872a931c149b1e92d065d81dfc913b00e1bd3806755ba726b16234d1,application/vnd.openxmlformats-officedocument.spreadsheetml.sheet,
plan-characteristics__record-layout-ptd-plan-char-2006_xlsx__5bca96cd39,plan-characteristics,Data Documentation | ResDAC,xlsx,https://www2.ccwdata.org/documents/10280/19022436/record-layout-ptd-plan-char-2006.xlsx,data/raw/assets/xlsx/5bca96cd39cc16c427cfa140c37b408838ef51df.xlsx,3635128de287dc1550961c0dc4ce611e4095b1039cfde8d7888be690a9719dcc,application/vnd.openxmlformats-officedocument.spreadsheetml.sheet,
plan-characteristics__record-layout-ptd-plan-char-2007-2014_xlsx__a9368c7fc4,plan-characteristics,Data Documentation | ResDAC,xlsx,https://www2.ccwdata.org/documents/10280/19022436/record-layout-ptd-plan-char-2007-2014.xlsx,data/raw/assets/xlsx/a9368c7fc4e008ebd1c2dcab08f589f5cc115ccc.xlsx,19ac13a4107b516420a714b135710597595e4dc48409d8653f0aae1c40ea81cc,application/vnd.openxmlformats-officedocument.spreadsheetml.sheet,
risk-score-base__data-documentation__c9edd0f902,risk-score-base,Data Documentation | ResDAC,html,https://resdac.org/cms-data/files/risk-score-base/data-documentation,data/raw/html/documentation_page/c9edd0f9022af6d124678fc60ebdd8df511e7f99.html,507f86fd8fb6476915e622885166baaf9cfa3cae022846555bbe6b0785473792,text/html,
risk-score-base__operational-payment-risk-score-user-guide_pdf__d8c366dd0a,risk-score-base,Risk Score Model Output Files | ResDAC,pdf,https://www2.ccwdata.org/documents/10280/19002246/operational-payment-risk-score-user-guide.pdf,data/raw/assets/pdf/d8c366dd0abbcfd26c61b8c4fd0774178fc9ab1b.pdf,ea8ff122dad2c99ebc6a1778f5c6db891438f805348dd6c09e293d2729e9573a,application/pdf,
risk-score-mofs__data-documentation__04effab7b7,risk-score-mofs,Data Documentation | ResDAC,html,https://resdac.org/cms-data/files/risk-score-mofs/data-documentation,data/raw/html/documentation_page/04effab7b748adf71c005771230a63127f0d1a37.html,61ae91af4319829e0134cab498a289c8947d01305bdafcfa1fdd148e0d28fecc,text/html,
risk-score-mofs__operational-payment-risk-score-user-guide_pdf__d8c366dd0a,risk-score-mofs,Risk Score Model Output Files | ResDAC,pdf,https://www2.ccwdata.org/documents/10280/19002246/operational-payment-risk-score-user-guide.pdf,data/raw/assets/pdf/d8c366dd0abbcfd26c61b8c4fd0774178fc9ab1b.pdf,ea8ff122dad2c99ebc6a1778f5c6db891438f805348dd6c09e293d2729e9573a,application/pdf,
snf-encounter__data-documentation__bc56024738,snf-encounter,Data Documentation | ResDAC,html,https://resdac.org/cms-data/files/snf-encounter/data-documentation,data/raw/html/documentation_page/bc56024738729e306e5ee3f1b54282a875b74624.html,337d8e629090456039d68741c35f329f60cfb3fe02e2b821bfe73fe3822cc453,text/html,
snf-ffs__data-documentation__4884fb854a,snf-ffs,Data Documentation | ResDAC,html,https://resdac.org/cms-data/files/snf-ffs/data-documentation,data/raw/html/documentation_page/4884fb854a6d49f92d07233bdd338c6ca594c7b0.html,3c4a8bf3ad3f6656a84d48402890d1e73387659ae6fc98e65661aa7c353d2932,text/html,
ssp-aco-beneficiary__data-documentation__b0ab909aec,ssp-aco-beneficiary,Data Documentation | ResDAC,html,https://resdac.org/cms-data/files/ssp-aco-beneficiary/data-documentation,data/raw/html/documentation_page/b0ab909aec4ed07a1847132fff6b993368ece81d.html,f240d18e89bdb368954ebd7bdd285a67a81e442ff11e4a5f7149050761175f67,text/html,
ssp-aco-beneficiary__record-layout-aco-ssp-bene_xlsx__a18201ad9e,ssp-aco-beneficiary,Data Documentation | ResDAC,xlsx,https://www2.ccwdata.org/documents/10280/19022436/record-layout-aco-ssp-bene.xlsx,data/raw/assets/xlsx/a18201ad9ebc7d0a8f9c06edfab22a7ee9a939ca.xlsx,6895d462a17cf88ea17e015bf92aa8446b47fc750fb28bea1c1a9d6fa7120b10,application/vnd.openxmlformats-officedocument.spreadsheetml.sheet,
ssp-aco-provider__data-documentation__5536b884e7,ssp-aco-provider,Data Documentation | ResDAC,html,https://resdac.org/cms-data/files/ssp-aco-provider/data-documentation,data/raw/html/documentation_page/5536b884e7233be4eb8f47d766a551801359d265.html,565640b4082dc6a9a3753e8f83abf4080aeeb72c2557d338337c62ba2d9c28af,text/html,
ssp-aco-provider__record-layout-aco-ssp-prov_xlsx__62a9b2d65c,ssp-aco-provider,Data Documentation | ResDAC,xlsx,https://www2.ccwdata.org/documents/10280/19022436/record-layout-aco-ssp-prov.xlsx,data/raw/assets/xlsx/62a9b2d65c4b2aad9a909a9ab2ecf081d9087b48.xlsx,397207821697f6f30a8d7ea3bd66377e7a4af31664e0b2bc8e1323ccb1439ff0,application/vnd.openxmlformats-officedocument.spreadsheetml.sheet,
taf-apl__codebook-taf-annual-plan_pdf__5f77cf7c30,taf-apl,Data Documentation | ResDAC,pdf,https://www2.ccwdata.org/documents/10280/19022436/codebook-taf-annual-plan.pdf,data/raw/assets/pdf/5f77cf7c30acd114cc7f3b826ca63f6650c33876.pdf,852f6b7d7bc965fa9e09715904fa3736bf9b60e4c18e739b536ddebc5d325678,application/pdf,
taf-apl__data-documentation__54ad13ec0e,taf-apl,Data Documentation | ResDAC,html,https://resdac.org/cms-data/files/taf-apl/data-documentation,data/raw/html/documentation_page/54ad13ec0ec7f6d311da24252620d5ade6c49360.html,c7a52f46d5b97691b2c7a7e8075bad86ffec68068440aab76ced0f326e0c4ea7,text/html,
taf-apl__record-layout-taf-annual-plan_xlsx__63d062c549,taf-apl,Data Documentation | ResDAC,xlsx,https://www2.ccwdata.org/documents/10280/19022436/record-layout-taf-annual-plan.xlsx,data/raw/assets/xlsx/63d062c54940f1dd5350875fe865ceacdc732ab8.xlsx,2518405ae8338f054779c27cced7eea4c5b102f1f3cb31a17ff46c0e30de9194,application/vnd.openxmlformats-officedocument.spreadsheetml.sheet,
taf-apr__codebook-taf-annual-provider_pdf__de0c89017c,taf-apr,Data Documentation | ResDAC,pdf,https://www2.ccwdata.org/documents/10280/19022436/codebook-taf-annual-provider.pdf,data/raw/assets/pdf/de0c89017c1d3e10d2c3fa782cf1871880f29b65.pdf,e3320fd40b609b12ab32a0faf7f4f727524bf2f6c3ce742186e7fbd5701d06bf,application/pdf,
taf-apr__data-documentation__4b6fa6bd99,taf-apr,Data Documentation | ResDAC,html,https://resdac.org/cms-data/files/taf-apr/data-documentation,data/raw/html/documentation_page/4b6fa6bd99a6df68962fe05bc883c5d7a0aa4c70.html,ff9bfa53537e881ba0db2bf72a8f36544cb1b5a60f1610b54893f33513566878,text/html,
taf-apr__record-layout-taf-annual-provider_xlsx__179b4ad7fe,taf-apr,Data Documentation | ResDAC,xlsx,https://www2.ccwdata.org/documents/10280/19022436/record-layout-taf-annual-provider.xlsx,data/raw/assets/xlsx/179b4ad7feb1b102917b101b3b732e857e6b6d85.xlsx,8953899a4edbaaa94d99bf149c73fd6ab37f19e1bb30a98c451c0b6ca911b29a,application/vnd.openxmlformats-officedocument.spreadsheetml.sheet,
taf-de__codebook-taf-demographic-eligibility_pdf__7a48be3f0d,taf-de,Data Documentation | ResDAC,pdf,https://www2.ccwdata.org/documents/10280/19022436/codebook-taf-demographic-eligibility.pdf,data/raw/assets/pdf/7a48be3f0d3c4224b3129bd4e6af2eec1975b637.pdf,802448b49f41b15866137fb8c72244f10b6b531a81c35bbfba1c8bc49e77337f,application/pdf,
taf-de__data-documentation__d7dc8765a7,taf-de,Data Documentation | ResDAC,html,https://resdac.org/cms-data/files/taf-de/data-documentation,data/raw/html/documentation_page/d7dc8765a7cbc041e7736160bc26c8144cbba159.html,1b2a9a44856fe2794bdbcf7f8bdb188f2d7b5339451b17f550bb9462f7ad54e0,text/html,
taf-de__max-20taf-20availability-20matrix_xlsx__5733e7b321,taf-de,T-MSIS Analytic File Demographic and Eligibility | ResDAC,xlsx,https://resdac.org/sites/datadocumentation.resdac.org/files/2022-10/MAX%20TAF%20Availability%20Matrix.xlsx,data/raw/assets/xlsx/5733e7b321caf5443c6882f53a8ed2ecd7b102fa.xlsx,2c1a3e675ed7df21b7488b326905a0dcdb7f51c59f91cfa4eba1d486a6790c05,application/vnd.openxmlformats-officedocument.spreadsheetml.sheet,
taf-de__record-layout-taf-demographic-eligibility_xlsx__4f79ad1b68,taf-de,Data Documentation | ResDAC,xlsx,https://www2.ccwdata.org/documents/10280/19022436/record-layout-taf-demographic-eligibility.xlsx,data/raw/assets/xlsx/4f79ad1b684ccc6c7a2dad2065ed7ad89849be68.xlsx,1bee2322710d5e29e3e56ea0712e5e76bde541d3e2e8deddfadff368acd0f9bc,application/vnd.openxmlformats-officedocument.spreadsheetml.sheet,
taf-ip__codebook-taf-claims_pdf__3a7e50ca3f,taf-ip,Data Documentation | ResDAC,pdf,https://www2.ccwdata.org/documents/10280/19022436/codebook-taf-claims.pdf,data/raw/assets/pdf/3a7e50ca3fea9874a59b75c2b53d874e249d4e08.pdf,8a9fe121a9c3681fb577c1094c0338f547ff4f5eaa2fd18db91c7680d7eb742e,application/pdf,
taf-ip__data-documentation__e3b660f1d8,taf-ip,Data Documentation | ResDAC,html,https://resdac.org/cms-data/files/taf-ip/data-documentation,data/raw/html/documentation_page/e3b660f1d8f5e35d44d034a58b65b4225dafc478.html,02a1170147e2bab77a323329b7d7b14187390e36246b20de46f4a1614d7ce3d5,text/html,
taf-ip__max-20taf-20availability-20matrix_xlsx__5733e7b321,taf-ip,T-MSIS Analytic File Demographic and Eligibility | ResDAC,xlsx,https://resdac.org/sites/datadocumentation.resdac.org/files/2022-10/MAX%20TAF%20Availability%20Matrix.xlsx,data/raw/assets/xlsx/5733e7b321caf5443c6882f53a8ed2ecd7b102fa.xlsx,2c1a3e675ed7df21b7488b326905a0dcdb7f51c59f91cfa4eba1d486a6790c05,application/vnd.openxmlformats-officedocument.spreadsheetml.sheet,
taf-ip__record-layout-taf-claims_xlsx__2837c88843,taf-ip,Data Documentation | ResDAC,xlsx,https://www2.ccwdata.org/documents/10280/19022436/record-layout-taf-claims.xlsx,data/raw/assets/xlsx/2837c88843e634721ad44bc32fff80da6af55b1a.xlsx,4ae2eb2a446f8b46f13baa3fda513936da0b2346adeb863a560baaebf2197ebf,application/vnd.openxmlformats-officedocument.spreadsheetml.sheet,
taf-lt__data-documentation__68204238c2,taf-lt,Data Documentation | ResDAC,html,https://resdac.org/cms-data/files/taf-lt/data-documentation,data/raw/html/documentation_page/68204238c286253d5e458f05aef7dfde120d87fd.html,66ff78d225db807b8fe47949c17552a592c67eb3dea28814125df9e710292dc2,text/html,
taf-lt__max-20taf-20availability-20matrix_xlsx__5733e7b321,taf-lt,T-MSIS Analytic File Demographic and Eligibility | ResDAC,xlsx,https://resdac.org/sites/datadocumentation.resdac.org/files/2022-10/MAX%20TAF%20Availability%20Matrix.xlsx,data/raw/assets/xlsx/5733e7b321caf5443c6882f53a8ed2ecd7b102fa.xlsx,2c1a3e675ed7df21b7488b326905a0dcdb7f51c59f91cfa4eba1d486a6790c05,application/vnd.openxmlformats-officedocument.spreadsheetml.sheet,
taf-ot__data-documentation__43e925f567,taf-ot,Data Documentation | ResDAC,html,https://resdac.org/cms-data/files/taf-ot/data-documentation,data/raw/html/documentation_page/43e925f567178e0e1b4c955e5ed797571edb8c13.html,ad868dd07051391c6eee16099580d94ddce15aeb9195daac7671c203965a3535,text/html,
taf-ot__max-20taf-20availability-20matrix_xlsx__5733e7b321,taf-ot,T-MSIS Analytic File Demographic and Eligibility | ResDAC,xlsx,https://resdac.org/sites/datadocumentation.resdac.org/files/2022-10/MAX%20TAF%20Availability%20Matrix.xlsx,data/raw/assets/xlsx/5733e7b321caf5443c6882f53a8ed2ecd7b102fa.xlsx,2c1a3e675ed7df21b7488b326905a0dcdb7f51c59f91cfa4eba1d486a6790c05,application/vnd.openxmlformats-officedocument.spreadsheetml.sheet,
taf-rx__data-documentation__7b40503a22,taf-rx,Data Documentation | ResDAC,html,https://resdac.org/cms-data/files/taf-rx/data-documentation,data/raw/html/documentation_page/7b40503a22503e0a131392a263d2cc9ba0f3e953.html,3b767a885f364b0f0d85e794a2b4716904c6bed4bc12c5db26269ed3cb45bb07,text/html,
taf-rx__max-20taf-20availability-20matrix_xlsx__5733e7b321,taf-rx,T-MSIS Analytic File Demographic and Eligibility | ResDAC,xlsx,https://resdac.org/sites/datadocumentation.resdac.org/files/2022-10/MAX%20TAF%20Availability%20Matrix.xlsx,data/raw/assets/xlsx/5733e7b321caf5443c6882f53a8ed2ecd7b102fa.xlsx,2c1a3e675ed7df21b7488b326905a0dcdb7f51c59f91cfa4eba1d486a6790c05,application/vnd.openxmlformats-officedocument.spreadsheetml.sheet,
vm-beneficiary__data-documentation__08a42a1a83,vm-beneficiary,Data Documentation | ResDAC,html,https://resdac.org/cms-data/files/vm-beneficiary/data-documentation,data/raw/html/documentation_page/08a42a1a832c28d51a4cfa60f82a32b414fa3946.html,517d86810912dbd7c147e727b98ec10eff90b27f310827df799f750c9d0ce228,text/html,
vm-beneficiary__record-layout-value-modifier-bene-level-rif-perf-year-2016_xlsx__761b9bb766,vm-beneficiary,Data Documentation | ResDAC,xlsx,https://resdac.org/sites/datadocumentation.resdac.org/files/2025-02/record-layout-value-modifier-bene-level-rif-perf-year-2016.xlsx,data/raw/assets/xlsx/761b9bb766f9b4e05e452ed8077ccfa7e6d9e26d.xlsx,d50983b4ad3e74827343f096622e6430a706c498ff500097c71b59555e2e0282,application/vnd.openxmlformats-officedocument.spreadsheetml.sheet,
vm-npi-practice__data-documentation__3e45e39656,vm-npi-practice,Data Documentation | ResDAC,html,https://resdac.org/cms-data/files/vm-npi-practice/data-documentation,data/raw/html/documentation_page/3e45e3965694930db13649f2d6cfc67b29348671.html,8aa90a323d89ffff37c939fdf1af084517677b438f1a79c02e644c4e74a83d9d,text/html,
vm-npi-practice__record-layout-value-modifier-npi-practice-level-rif-perf-year-2016_xlsx__8d974257e6,vm-npi-practice,Data Documentation | ResDAC,xlsx,https://resdac.org/sites/datadocumentation.resdac.org/files/2025-02/record-layout-value-modifier-npi-practice-level-rif-perf-year-2016.xlsx,data/raw/assets/xlsx/8d974257e6bbc17164c21a5c1277482e156fa4a9.xlsx,6a654066f61b0c6e64f9d744b60deb71383e68b4f1ccdfd04cc41b9cac79e9e2,application/vnd.openxmlformats-officedocument.spreadsheetml.sheet,
vm-practice__data-documentation__b85b13aa5e,vm-practice,Data Documentation | ResDAC,html,https://resdac.org/cms-data/files/vm-practice/data-documentation,data/raw/html/documentation_page/b85b13aa5e1c799046c6bc50b664bfea17243505.html,d50bac8e020eff4339aec8670ceca048498010133a25c7875017693f1465d00c,text/html,
vm-practice__record-layout-value-modifier-practice-level-rif-perf-year-2016_xlsx__e75ad5dc90,vm-practice,Data Documentation | ResDAC,xlsx,https://resdac.org/sites/datadocumentation.resdac.org/files/2025-02/record-layout-value-modifier-practice-level-rif-perf-year-2016.xlsx,data/raw/assets/xlsx/e75ad5dc90d8b0bcd7b35ea5b41e8e51e49d04b1.xlsx,ab20081dcc4c9914379db9949eeba7db5498535d35d4df0dfb13930a47d77df5,application/vnd.openxmlformats-officedocument.spreadsheetml.sheet,
