source_id,target_id,relationship,source_url,local_path,sha256
ahc-model,program_medicare-medicaid,belongs_to,https://resdac.org/cms-data/files/ahc-model,data/raw/html/dataset_page/1c35797b5493f4e27d3fcca1632661f8063b4618.html,0dcf593ba2c3953985524386d3974d9c0d2ddd65002e1e65fa0cbc5d2a7a748c
ahcah-hospital,ahcah-patient,related_to,https://resdac.org/cms-data/files/ahcah-hospital,data/raw/html/dataset_page/1bc1428ed5b3cd286fd5e01f6f6ec6c9bfcd5ca4.html,2b19df4eda3b98e72a427b6dd86592dbaa58c53f48aa94abca27c14c51f4356c
ahcah-hospital,program_medicare,belongs_to,https://resdac.org/cms-data/files/ahcah-hospital,data/raw/html/dataset_page/1bc1428ed5b3cd286fd5e01f6f6ec6c9bfcd5ca4.html,2b19df4eda3b98e72a427b6dd86592dbaa58c53f48aa94abca27c14c51f4356c
ahcah-patient,ahcah-hospital,related_to,https://resdac.org/cms-data/files/ahcah-patient,data/raw/html/dataset_page/e4e7d441e332e7ddf0868ff151091dc1906c9165.html,31809acd6dd23245c353e6cfa17984967cf631529749620c810a785a31443c62
ahcah-patient,program_medicare-medicaid,belongs_to,https://resdac.org/cms-data/files/ahcah-patient,data/raw/html/dataset_page/e4e7d441e332e7ddf0868ff151091dc1906c9165.html,31809acd6dd23245c353e6cfa17984967cf631529749620c810a785a31443c62
cahps,program_medicare,belongs_to,https://resdac.org/cms-data/files/cahps,data/raw/html/dataset_page/4ea2b9eba73e8e42fe95c34773820b28b0ae4def.html,23271ce4c0cd722c6579ea9dd9c877c954726f96c723c4c12d27127506c6b7ba
carrier-encounter,program_medicare,belongs_to,https://resdac.org/cms-data/files/carrier-encounter,data/raw/html/dataset_page/cd641d32e7c9025a275a13684b1e14a7acc25157.html,1f12295861c0b12d3ec0cd04282d7b1e12384ae66ee4828a990148006de39c59
carrier-ffs,program_medicare,belongs_to,https://resdac.org/cms-data/files/carrier-ffs,data/raw/html/dataset_page/59d788b5a532d93ac4dca20f9c258cc797fe6cb6.html,5a0216ab217ab817856acf4226bcdd4c2cf0b76b360c1e29540b5551a658e769
cec-beneficiary,cec-provider,related_to,https://resdac.org/cms-data/files/cec-beneficiary,data/raw/html/dataset_page/7ffb06ad7fac8c92018706113a0d19ecec652fb2.html,0dffc767dd4bbed47e2f3d422627e42942a5bef0111b32433bca8c0684d5ac44
cec-beneficiary,program_medicare,belongs_to,https://resdac.org/cms-data/files/cec-beneficiary,data/raw/html/dataset_page/7ffb06ad7fac8c92018706113a0d19ecec652fb2.html,0dffc767dd4bbed47e2f3d422627e42942a5bef0111b32433bca8c0684d5ac44
cec-provider,cec-beneficiary,related_to,https://resdac.org/cms-data/files/cec-provider,data/raw/html/dataset_page/a1cc7713cc9e8cb23fc129b4faf71274faea54dc.html,a1b19f8d1c7fed5a5f8674a410cdbf8b1588f3ecfbac86a96b51db91b10e23f3
cec-provider,program_medicare,belongs_to,https://resdac.org/cms-data/files/cec-provider,data/raw/html/dataset_page/a1cc7713cc9e8cb23fc129b4faf71274faea54dc.html,a1b19f8d1c7fed5a5f8674a410cdbf8b1588f3ecfbac86a96b51db91b10e23f3
cmds-beneficiary,cmds-entity,related_to,https://resdac.org/cms-data/files/cmds-beneficiary,data/raw/html/dataset_page/d48a69cecaed5ae7646e6ef39ac98789b97bdbc6.html,51fb7cce05ebd231bffcb683f531a5b9945bc64b824b014d041f178f2ee41c9e
cmds-beneficiary,program_medicare,belongs_to,https://resdac.org/cms-data/files/cmds-beneficiary,data/raw/html/dataset_page/d48a69cecaed5ae7646e6ef39ac98789b97bdbc6.html,51fb7cce05ebd231bffcb683f531a5b9945bc64b824b014d041f178f2ee41c9e
cmds-entity,program_medicare,belongs_to,https://resdac.org/cms-data/files/cmds-entity,data/raw/html/dataset_page/fe306019948692b5209277e7fd3e0aeb53e463a9.html,7d4e0701778b6043647df27edd373a67e0149d66071737f0b169ac99007af873
cmds-provider,cmds-entity,related_to,https://resdac.org/cms-data/files/cmds-provider,data/raw/html/dataset_page/d29088b3a0ca3b7bd57bfb2ce420ed5854cd27de.html,c13431e6e5ce03a87d74ec7bb9535c0cd8cd87703e24476273d88de487e87eba
cmds-provider,program_medicare,belongs_to,https://resdac.org/cms-data/files/cmds-provider,data/raw/html/dataset_page/d29088b3a0ca3b7bd57bfb2ce420ed5854cd27de.html,c13431e6e5ce03a87d74ec7bb9535c0cd8cd87703e24476273d88de487e87eba
cmmi-model-data-sharing-cmds-model-participation-data-initiative,program_medicare,belongs_to,https://resdac.org/cms-data/files/cmmi-model-data-sharing-cmds-model-participation-data-initiative,data/raw/html/dataset_page/384107f331e2563369c38318d900e43172d43a4c.html,5f1a041a02a84dc6db1a00a6300b33902a0ca99d1c2fd5934ebf983685752d1a
dme-encounter,program_medicare,belongs_to,https://resdac.org/cms-data/files/dme-encounter,data/raw/html/dataset_page/c23fcca164f03a963bd782a88f6ca79ff92aead3.html,6475bf6c705350d2a6df6ea92cb296260b08d1ab2dbde96885efc835ce2abcdd
dme-ffs,program_medicare,belongs_to,https://resdac.org/cms-data/files/dme-ffs,data/raw/html/dataset_page/ae362508e5c3cff6613bd82d4092fe9dba589d2c.html,3c6cfb2b80e3f26e8fd64c579421ac2ac842fbaa09710039e076869582097aa2
hedis-rif,hedis-rif-measures,related_to,https://resdac.org/cms-data/files/hedis-rif,data/raw/html/dataset_page/53c762b9d98cbbd768630ecf1a91b72fe35aefeb.html,cbddf693939f58568ffc12152da9630e4b035f8bdfe30206fa162decd5abade6
hedis-rif,hedis-rif-pcr-measure,related_to,https://resdac.org/cms-data/files/hedis-rif,data/raw/html/dataset_page/53c762b9d98cbbd768630ecf1a91b72fe35aefeb.html,cbddf693939f58568ffc12152da9630e4b035f8bdfe30206fa162decd5abade6
hedis-rif,program_medicare,belongs_to,https://resdac.org/cms-data/files/hedis-rif,data/raw/html/dataset_page/53c762b9d98cbbd768630ecf1a91b72fe35aefeb.html,cbddf693939f58568ffc12152da9630e4b035f8bdfe30206fa162decd5abade6
hedis-rif-measures,program_medicare,belongs_to,https://resdac.org/cms-data/files/hedis-rif-measures,data/raw/html/dataset_page/3f56579b8b9f43846fb5661b62bd296a42d69806.html,d381a94ad299b001f49fdab10ecfade546a3a9c64a4c20aaec1e535c01906e5d
hedis-rif-pcr-measure,program_medicare,belongs_to,https://resdac.org/cms-data/files/hedis-rif-pcr-measure,data/raw/html/dataset_page/21d6d237c32fea07af50f6e40ad3e0e6d3a0d116.html,4b16625e45986b88a8ebb4dbf19502ba579d93749ec0c6c48a0cf25154210bf1
hha-encounter,program_medicare,belongs_to,https://resdac.org/cms-data/files/hha-encounter,data/raw/html/dataset_page/4fb670a23573bd7b0647d6c10fc05a39baf8dff8.html,a452797389f33e07d3444d44a7ff224d334a10fb036f546d6b2b79d13887a31b
hha-ffs,program_medicare,belongs_to,https://resdac.org/cms-data/files/hha-ffs,data/raw/html/dataset_page/8a72c4a9535ffc8f53655841fefcc77eb01cb3b9.html,ba9af8f00db7d381196b4b836217d116363dccd6f69f327b5958c04eadd8456e
hos-rif,program_medicare,belongs_to,https://resdac.org/cms-data/files/hos-rif,data/raw/html/dataset_page/3a2d6aac3217a98f46050a67c7808ce6efaf14ee.html,a0b686fbc6e5b22243648026ec4073fec5120209f708223b705103774a196cb0
hospice-ffs,program_medicare,belongs_to,https://resdac.org/cms-data/files/hospice-ffs,data/raw/html/dataset_page/82c705aa54aafef083cdcfbf4bd4666e8a12db0b.html,a97a407d1d98b01e5dc96b8996d2579fccadd14c296da73bf7687d34e751fa63
hrs-medicare,carrier-ffs,related_to,https://resdac.org/cms-data/files/hrs-medicare,data/raw/html/dataset_page/56f0128f13eefc2a0c19fceb47f11980630a1d88.html,102b07247b360a65763f2aecb0bf64f1abbe1e62462e131dac061054ff5f4589
hrs-medicare,program_medicare,belongs_to,https://resdac.org/cms-data/files/hrs-medicare,data/raw/html/dataset_page/56f0128f13eefc2a0c19fceb47f11980630a1d88.html,102b07247b360a65763f2aecb0bf64f1abbe1e62462e131dac061054ff5f4589
ip-encounter,program_medicare,belongs_to,https://resdac.org/cms-data/files/ip-encounter,data/raw/html/dataset_page/12756672621a930d90dd1a891197eb3c3fe4e16b.html,98fc8b7f4d964759243cb31321d99595abbc44a5a4062dee6998c106a1793281
ip-ffs,program_medicare,belongs_to,https://resdac.org/cms-data/files/ip-ffs,data/raw/html/dataset_page/12ad7f86859bcac979dcc71633871bf7328ffd7b.html,a2e67263ea375914363abb03ecc4f44cb1fe650b3da8147b2681a5c16feeae30
irf-pai,program_medicare,belongs_to,https://resdac.org/cms-data/files/irf-pai,data/raw/html/dataset_page/baa26ed7c1fc23dc65c8af0a21caa69710fd2ab0.html,f9ba81fcaecf3111d54aa8103f981efaf00518069d059361383139e4bb6dab92
kcc-beneficiary,kcc-provider,related_to,https://resdac.org/cms-data/files/kcc-beneficiary,data/raw/html/dataset_page/c82b4d408518dc96fdf46a27f4e49158e8e95041.html,6e29fb7d0fafd660a7618b7758d5d07b490a38123bc15815af6aa94f6f8246a0
kcc-beneficiary,program_medicare,belongs_to,https://resdac.org/cms-data/files/kcc-beneficiary,data/raw/html/dataset_page/c82b4d408518dc96fdf46a27f4e49158e8e95041.html,6e29fb7d0fafd660a7618b7758d5d07b490a38123bc15815af6aa94f6f8246a0
kcc-provider,kcc-beneficiary,related_to,https://resdac.org/cms-data/files/kcc-provider,data/raw/html/dataset_page/3047d052106df32116d1fcd096c5521ac8f2e200.html,4ffa27d8d5b590ce3af9e7876c63c304192e7ef242b300f02071a4620148225a
kcc-provider,program_medicare,belongs_to,https://resdac.org/cms-data/files/kcc-provider,data/raw/html/dataset_page/3047d052106df32116d1fcd096c5521ac8f2e200.html,4ffa27d8d5b590ce3af9e7876c63c304192e7ef242b300f02071a4620148225a
lcds,program_medicare,belongs_to,https://resdac.org/cms-data/files/lcds,data/raw/html/dataset_page/109fd512ef088bf16d35b6132390e9403fdb09e3.html,82b9d1c112c4dc0cc4f47dfdb8ea8b7f8629e87c04f154987a8bee8bb3cc5a6c
max-ip,program_medicaid,belongs_to,https://resdac.org/cms-data/files/max-ip,data/raw/html/dataset_page/252bbce223cee13224fae984b7765753bbd11c6a.html,f651185b05588aed477e770d52c98716497a2a55316e17521780e32f2cff80db
max-lt,program_medicaid,belongs_to,https://resdac.org/cms-data/files/max-lt,data/raw/html/dataset_page/926065da5987e4d4b998ede3e7fd9c492f132963.html,1082cf5a8babf15c35725a7cc3c91eb7095cf5b0da6d4aae838e0530bd60f88c
max-ot,program_medicaid,belongs_to,https://resdac.org/cms-data/files/max-ot,data/raw/html/dataset_page/c6bd9f0903948ef8616ff013b187c916461532ee.html,b9fb416064b4b3eebac20894fb1c2b9c0a5ca4977ca5d48cb332d27b39aa3cf0
max-ps,program_medicaid,belongs_to,https://resdac.org/cms-data/files/max-ps,data/raw/html/dataset_page/4e3c4f054ed1962fea40eba9b0c480c20f86f8a9.html,aec24e69310d62ceccc8b5b30f03fa5285da7465ead7a56b43902d960b636aa6
max-rx,program_medicaid,belongs_to,https://resdac.org/cms-data/files/max-rx,data/raw/html/dataset_page/58fd76e8a1843750b8c17b91b9595bc51b4c31b6.html,59b8c8678fc31a66a517111012dae82b07ba2f744549a597d4d4b8a011c597c1
mbisg,program_medicare,belongs_to,https://resdac.org/cms-data/files/mbisg,data/raw/html/dataset_page/719d1d0b72f037784384d6658ed2c12e9fe1eaa4.html,e30436282f07a2710979686506b348448a7f3a4059156bcb38d770979c63422f
mbsf-27-cc,mbsf-base,related_to,https://resdac.org/cms-data/files/mbsf-27-cc,data/raw/html/dataset_page/d0d1c923bc151d74eff941ab01ccc5b0d79a6387.html,30177ebf70d711da2591263092f1a8499c94c50dd6b974c06d1f9fe9bf7f50ea
mbsf-27-cc,program_medicare,belongs_to,https://resdac.org/cms-data/files/mbsf-27-cc,data/raw/html/dataset_page/d0d1c923bc151d74eff941ab01ccc5b0d79a6387.html,30177ebf70d711da2591263092f1a8499c94c50dd6b974c06d1f9fe9bf7f50ea
mbsf-30-cc,mbsf-base,related_to,https://resdac.org/cms-data/files/mbsf-30-cc,data/raw/html/dataset_page/8ce691ade4c507e5fb6fccd9f57ea05b742d6ca4.html,c52800ae38d039d0627febf50f28a23900665b0dea7459b5b54e19a7b63074e4
mbsf-30-cc,program_medicare,belongs_to,https://resdac.org/cms-data/files/mbsf-30-cc,data/raw/html/dataset_page/8ce691ade4c507e5fb6fccd9f57ea05b742d6ca4.html,c52800ae38d039d0627febf50f28a23900665b0dea7459b5b54e19a7b63074e4
mbsf-base,mbsf-base-v2,related_to,https://resdac.org/cms-data/files/mbsf-base,data/raw/html/dataset_page/bc037fe7a91d939c1551aec399d84c3e4d69bc38.html,0a332c390c5b6b541328fda2144c536979d74870e121df05588c512ec78431af
mbsf-base,mbsf-cc,related_to,https://resdac.org/cms-data/files/mbsf-base,data/raw/html/dataset_page/bc037fe7a91d939c1551aec399d84c3e4d69bc38.html,0a332c390c5b6b541328fda2144c536979d74870e121df05588c512ec78431af
mbsf-base,mbsf-cost-and-utilization,related_to,https://resdac.org/cms-data/files/mbsf-base,data/raw/html/dataset_page/bc037fe7a91d939c1551aec399d84c3e4d69bc38.html,0a332c390c5b6b541328fda2144c536979d74870e121df05588c512ec78431af
mbsf-base,mbsf-ndi,related_to,https://resdac.org/cms-data/files/mbsf-base,data/raw/html/dataset_page/bc037fe7a91d939c1551aec399d84c3e4d69bc38.html,0a332c390c5b6b541328fda2144c536979d74870e121df05588c512ec78431af
mbsf-base,mbsf-other-conditions,related_to,https://resdac.org/cms-data/files/mbsf-base,data/raw/html/dataset_page/bc037fe7a91d939c1551aec399d84c3e4d69bc38.html,0a332c390c5b6b541328fda2144c536979d74870e121df05588c512ec78431af
mbsf-base,program_medicare,belongs_to,https://resdac.org/cms-data/files/mbsf-base,data/raw/html/dataset_page/bc037fe7a91d939c1551aec399d84c3e4d69bc38.html,0a332c390c5b6b541328fda2144c536979d74870e121df05588c512ec78431af
mbsf-base-v2,mbsf-base,related_to,https://resdac.org/cms-data/files/mbsf-base-v2,data/raw/html/dataset_page/e78ac38bdfbc0e5aac972cd8dd03335ab6b80d9e.html,d20d6989a6ec512e0d83865f0be4cebee0589a31ff4d0ac5bb83aa32be0e9275
mbsf-base-v2,mbsf-cc,related_to,https://resdac.org/cms-data/files/mbsf-base-v2,data/raw/html/dataset_page/e78ac38bdfbc0e5aac972cd8dd03335ab6b80d9e.html,d20d6989a6ec512e0d83865f0be4cebee0589a31ff4d0ac5bb83aa32be0e9275
mbsf-base-v2,mbsf-cost-and-utilization,related_to,https://resdac.org/cms-data/files/mbsf-base-v2,data/raw/html/dataset_page/e78ac38bdfbc0e5aac972cd8dd03335ab6b80d9e.html,d20d6989a6ec512e0d83865f0be4cebee0589a31ff4d0ac5bb83aa32be0e9275
mbsf-base-v2,mbsf-ndi,related_to,https://resdac.org/cms-data/files/mbsf-base-v2,data/raw/html/dataset_page/e78ac38bdfbc0e5aac972cd8dd03335ab6b80d9e.html,d20d6989a6ec512e0d83865f0be4cebee0589a31ff4d0ac5bb83aa32be0e9275
mbsf-base-v2,mbsf-other-conditions,related_to,https://resdac.org/cms-data/files/mbsf-base-v2,data/raw/html/dataset_page/e78ac38bdfbc0e5aac972cd8dd03335ab6b80d9e.html,d20d6989a6ec512e0d83865f0be4cebee0589a31ff4d0ac5bb83aa32be0e9275
mbsf-base-v2,program_medicare,belongs_to,https://resdac.org/cms-data/files/mbsf-base-v2,data/raw/html/dataset_page/e78ac38bdfbc0e5aac972cd8dd03335ab6b80d9e.html,d20d6989a6ec512e0d83865f0be4cebee0589a31ff4d0ac5bb83aa32be0e9275
mbsf-cc,mbsf-27-cc,related_to,https://resdac.org/cms-data/files/mbsf-cc,data/raw/html/dataset_page/7a716883a22e3fa32ac5abf4fd79b93351d3d91a.html,b93d5df196d3de814c9c6fd8312c79670f99c163865e901b879edeb7b6635c72
mbsf-cc,mbsf-base,related_to,https://resdac.org/cms-data/files/mbsf-cc,data/raw/html/dataset_page/7a716883a22e3fa32ac5abf4fd79b93351d3d91a.html,b93d5df196d3de814c9c6fd8312c79670f99c163865e901b879edeb7b6635c72
mbsf-cc,program_medicare,belongs_to,https://resdac.org/cms-data/files/mbsf-cc,data/raw/html/dataset_page/7a716883a22e3fa32ac5abf4fd79b93351d3d91a.html,b93d5df196d3de814c9c6fd8312c79670f99c163865e901b879edeb7b6635c72
mbsf-cost-and-use,mbsf-base,related_to,https://resdac.org/cms-data/files/mbsf-cost-and-use,data/raw/html/dataset_page/7552ff2238b2b2e9031180b3717bf5761986387c.html,88529521ff6c41c3b63e4ed92b6ba8f954622c5c54ae7db23ef0332946a65010
mbsf-cost-and-use,program_medicare,belongs_to,https://resdac.org/cms-data/files/mbsf-cost-and-use,data/raw/html/dataset_page/7552ff2238b2b2e9031180b3717bf5761986387c.html,88529521ff6c41c3b63e4ed92b6ba8f954622c5c54ae7db23ef0332946a65010
mbsf-cost-and-utilization,mbsf-base,related_to,https://resdac.org/cms-data/files/mbsf-cost-and-utilization,data/raw/html/dataset_page/7d330adad93c87fed02d63153399308af8edde55.html,e82799f3cabe3eaa3217bda00cd17be39e872aa1149637a10faf50719d96138c
mbsf-cost-and-utilization,mbsf-cost-and-use,related_to,https://resdac.org/cms-data/files/mbsf-cost-and-utilization,data/raw/html/dataset_page/7d330adad93c87fed02d63153399308af8edde55.html,e82799f3cabe3eaa3217bda00cd17be39e872aa1149637a10faf50719d96138c
mbsf-cost-and-utilization,program_medicare,belongs_to,https://resdac.org/cms-data/files/mbsf-cost-and-utilization,data/raw/html/dataset_page/7d330adad93c87fed02d63153399308af8edde55.html,e82799f3cabe3eaa3217bda00cd17be39e872aa1149637a10faf50719d96138c
mbsf-ndi,program_medicare,belongs_to,https://resdac.org/cms-data/files/mbsf-ndi,data/raw/html/dataset_page/3aec89abd3a41a4113f77d1663b1d6008349df8c.html,5399e836f306a7a3514ef6c87975e16e3225b12817c2b9eb910864ceb6523472
mbsf-other-conditions,mbsf-base,related_to,https://resdac.org/cms-data/files/mbsf-other-conditions,data/raw/html/dataset_page/cb6221ac2e195081875db2207b6efc6681e56769.html,4ea8612a9350ac863c877aa6106775f8e59a6a4e72802db996289717508da8ed
mbsf-other-conditions,program_medicare,belongs_to,https://resdac.org/cms-data/files/mbsf-other-conditions,data/raw/html/dataset_page/cb6221ac2e195081875db2207b6efc6681e56769.html,4ea8612a9350ac863c877aa6106775f8e59a6a4e72802db996289717508da8ed
md-ppas,program_medicare,belongs_to,https://resdac.org/cms-data/files/md-ppas,data/raw/html/dataset_page/2f231d2e4e57843df94c520b5bad73d382db2e35.html,f91eac36bf67a4731b006f906fbd67e7d6c49827f36ce32f0064112d3fd6f860
mds-20,mds-sb-20,related_to,https://resdac.org/cms-data/files/mds-20,data/raw/html/dataset_page/eb5bab1dec92071711367036fe0fcff79255ca71.html,5fa39852f550f91adba2966c01274b1cbd19f0e5d2a797847a200fdd0f315ae7
mds-20,mds-sb-30,related_to,https://resdac.org/cms-data/files/mds-20,data/raw/html/dataset_page/eb5bab1dec92071711367036fe0fcff79255ca71.html,5fa39852f550f91adba2966c01274b1cbd19f0e5d2a797847a200fdd0f315ae7
mds-20,program_medicare-medicaid,belongs_to,https://resdac.org/cms-data/files/mds-20,data/raw/html/dataset_page/eb5bab1dec92071711367036fe0fcff79255ca71.html,5fa39852f550f91adba2966c01274b1cbd19f0e5d2a797847a200fdd0f315ae7
mds-30,program_medicare-medicaid,belongs_to,https://resdac.org/cms-data/files/mds-30,data/raw/html/dataset_page/68b87fe1820ff2fa96582e804644705eaf024128.html,5c2b7d20d72b19278ab42aa8e98b5d1c241ebd21fae7d67994e970e869331c41
mds-sb-20,program_medicare-medicaid,belongs_to,https://resdac.org/cms-data/files/mds-sb-20,data/raw/html/dataset_page/12c4f6ae2dbdb765b50abbe151d7bb40f8635f80.html,e50f5c75f13d96c22988b67da60e4060dc21416162bc1da7a4e0a338bd271885
mds-sb-30,program_medicare-medicaid,belongs_to,https://resdac.org/cms-data/files/mds-sb-30,data/raw/html/dataset_page/c6e90ac5b4fcf202ebf30de1e4ebc4fdcbe8030b.html,2d7f79801005a82ef6a121515eaf5f12abc99db0933c553950d57f837621b204
medpar,program_medicare,belongs_to,https://resdac.org/cms-data/files/medpar,data/raw/html/dataset_page/1ec18076e07f7bc7a76e91df1dd2304395a72394.html,b20a8b9479da5ffcc5bafb240ff59d520b6802b8b518a054eafcb7d75d31064d
mesf-conditions,program_medicaid,belongs_to,https://resdac.org/cms-data/files/mesf-conditions,data/raw/html/dataset_page/f08566e9ff77b33f8482c1b865d835446c181ab2.html,9f5c8ef0477743c6271900e0e10ad874b51ce2c2f5845006d791542cc96120dc
mesf-ndi,mbsf,related_to,https://resdac.org/cms-data/files/mesf-ndi,data/raw/html/dataset_page/78aff82de2fa0476d44dc0080160c652b04c4094.html,74467e4a0199c1f236a9a8f3c6367f8e28a29492ca8f666675b14a2387023618
mesf-ndi,mesf-conditions,related_to,https://resdac.org/cms-data/files/mesf-ndi,data/raw/html/dataset_page/78aff82de2fa0476d44dc0080160c652b04c4094.html,74467e4a0199c1f236a9a8f3c6367f8e28a29492ca8f666675b14a2387023618
mesf-ndi,program_medicaid,belongs_to,https://resdac.org/cms-data/files/mesf-ndi,data/raw/html/dataset_page/78aff82de2fa0476d44dc0080160c652b04c4094.html,74467e4a0199c1f236a9a8f3c6367f8e28a29492ca8f666675b14a2387023618
million-hearts,million-hearts-model-alignment,related_to,https://resdac.org/cms-data/files/million-hearts,data/raw/html/dataset_page/11f276dd2baad8d4c959761c4ccc486f650a7d4b.html,a17f725f20243adc22d90bd0c225f40cb7cf271bc87df282f2f849f394eb7e00
million-hearts,million-hearts-model-beneficiary-demographic,related_to,https://resdac.org/cms-data/files/million-hearts,data/raw/html/dataset_page/11f276dd2baad8d4c959761c4ccc486f650a7d4b.html,a17f725f20243adc22d90bd0c225f40cb7cf271bc87df282f2f849f394eb7e00
million-hearts,million-hearts-model-final-clinical,related_to,https://resdac.org/cms-data/files/million-hearts,data/raw/html/dataset_page/11f276dd2baad8d4c959761c4ccc486f650a7d4b.html,a17f725f20243adc22d90bd0c225f40cb7cf271bc87df282f2f849f394eb7e00
million-hearts,million-hearts-model-practice-list,related_to,https://resdac.org/cms-data/files/million-hearts,data/raw/html/dataset_page/11f276dd2baad8d4c959761c4ccc486f650a7d4b.html,a17f725f20243adc22d90bd0c225f40cb7cf271bc87df282f2f849f394eb7e00
million-hearts,million-hearts-model-provider-list,related_to,https://resdac.org/cms-data/files/million-hearts,data/raw/html/dataset_page/11f276dd2baad8d4c959761c4ccc486f650a7d4b.html,a17f725f20243adc22d90bd0c225f40cb7cf271bc87df282f2f849f394eb7e00
million-hearts,million-hearts-model-raw-clinical,related_to,https://resdac.org/cms-data/files/million-hearts,data/raw/html/dataset_page/11f276dd2baad8d4c959761c4ccc486f650a7d4b.html,a17f725f20243adc22d90bd0c225f40cb7cf271bc87df282f2f849f394eb7e00
million-hearts,million-hearts-model-visit,related_to,https://resdac.org/cms-data/files/million-hearts,data/raw/html/dataset_page/11f276dd2baad8d4c959761c4ccc486f650a7d4b.html,a17f725f20243adc22d90bd0c225f40cb7cf271bc87df282f2f849f394eb7e00
million-hearts,program_medicare,belongs_to,https://resdac.org/cms-data/files/million-hearts,data/raw/html/dataset_page/11f276dd2baad8d4c959761c4ccc486f650a7d4b.html,a17f725f20243adc22d90bd0c225f40cb7cf271bc87df282f2f849f394eb7e00
million-hearts-model-alignment,program_medicare,belongs_to,https://resdac.org/cms-data/files/million-hearts-model-alignment,data/raw/html/dataset_page/995ffafc09557f89ba7292d14f97e725d5c00d47.html,36043fc6d6940a7a4c3a74abf0bc934c75afa5767cc615713a529f2964f54b4a
million-hearts-model-beneficiary-demographic,program_medicare,belongs_to,https://resdac.org/cms-data/files/million-hearts-model-beneficiary-demographic,data/raw/html/dataset_page/b1e2387a5e152021678481211005771c29671845.html,50933e6f3e81e5c3aa74b3bcda83fe9da779822e663488b23f04caa2ab97e299
million-hearts-model-final-clinical,million-hearts-model-raw-clinical,related_to,https://resdac.org/cms-data/files/million-hearts-model-final-clinical,data/raw/html/dataset_page/94453bf09772a2b3525e0c51fee2b137ed3d5a82.html,81da572c59645ff44277ddcb7f2793550acee3a35d6da6986be845baae692e10
million-hearts-model-final-clinical,program_medicare,belongs_to,https://resdac.org/cms-data/files/million-hearts-model-final-clinical,data/raw/html/dataset_page/94453bf09772a2b3525e0c51fee2b137ed3d5a82.html,81da572c59645ff44277ddcb7f2793550acee3a35d6da6986be845baae692e10
million-hearts-model-practice-list,program_medicare,belongs_to,https://resdac.org/cms-data/files/million-hearts-model-practice-list,data/raw/html/dataset_page/7a953a4fd8f9d25e00f77fc4524e277bb0c6ad0a.html,d227b4cc90d7a98805aaa81d6aef472cf4c3f82ddc418a519fbad76b3b9e2c3d
million-hearts-model-provider-list,program_medicare,belongs_to,https://resdac.org/cms-data/files/million-hearts-model-provider-list,data/raw/html/dataset_page/0e7e25108da8d3905517e4228828f812149b466c.html,30a15ea3a5d66ecc91dbd84ac6a8e21193ae67c619cc34ed7e80345e4d61c2c1
million-hearts-model-raw-clinical,program_medicare,belongs_to,https://resdac.org/cms-data/files/million-hearts-model-raw-clinical,data/raw/html/dataset_page/9eb4737f9e569d2ef9979be564830d39a11013fb.html,a52bf5b9995e4a540b4e4c1134cf67687e1215db3e632d93fa8a70076d19dc85
million-hearts-model-visit,program_medicare,belongs_to,https://resdac.org/cms-data/files/million-hearts-model-visit,data/raw/html/dataset_page/de4f6d0e0ef6aac54c9672b43bb0b7b4c7361065.html,9bcbeef3469a3ae548d39fd5f420a05c2906385cac97b0155304e89042e14b31
mmleads-2,program_medicare-medicaid,belongs_to,https://resdac.org/cms-data/files/mmleads-2,data/raw/html/dataset_page/9826bacf328abda3f93623f8ca8af27e5961040d.html,946b38ea21b2ea7cc05adcf6cf2982995b7cf80723f443f054c87d397cc3e70b
mmleads-3,program_medicare-medicaid,belongs_to,https://resdac.org/cms-data/files/mmleads-3,data/raw/html/dataset_page/e55dd2c0c0262bd42e95663fc1f36db3ea96e068.html,3aa2bc0f185a50e445e9d0d20828490fd4d6ae96874e0bc14aa1ce27c913a625
ngaco-beneficiary,ngaco-provider,related_to,https://resdac.org/cms-data/files/ngaco-beneficiary,data/raw/html/dataset_page/dc78605b880da6acf5413b0e36abcd051fcc22e4.html,e696de09853d734e33c754deae1560f72f5cd84a47592d131641bd92a4def14d
ngaco-beneficiary,program_medicare,belongs_to,https://resdac.org/cms-data/files/ngaco-beneficiary,data/raw/html/dataset_page/dc78605b880da6acf5413b0e36abcd051fcc22e4.html,e696de09853d734e33c754deae1560f72f5cd84a47592d131641bd92a4def14d
ngaco-provider,ngaco-beneficiary,related_to,https://resdac.org/cms-data/files/ngaco-provider,data/raw/html/dataset_page/6273349b5375e4ae0122178ff00841c6e978da09.html,314b2f6202b2bd3187469cdb8728317065cfa78abaca434c279c9d22fc35df13
ngaco-provider,program_medicare,belongs_to,https://resdac.org/cms-data/files/ngaco-provider,data/raw/html/dataset_page/6273349b5375e4ae0122178ff00841c6e978da09.html,314b2f6202b2bd3187469cdb8728317065cfa78abaca434c279c9d22fc35df13
nhats,program_medicare,belongs_to,https://resdac.org/cms-data/files/nhats,data/raw/html/dataset_page/339cf08f4d14e58342b5b5b205746f10f0a4254c.html,50fcde0bb50e4031ff58e0885ca5dbb6de9d0e692832dd83a0499d1bfb091aa7
oasis,program_medicare-medicaid,belongs_to,https://resdac.org/cms-data/files/oasis,data/raw/html/dataset_page/02489b4d2a3fa9d7da770dbe896c765a00f62dbc.html,c61858ac3b1c01a9062752a5c0702f44a3c1acf31d53bf0bf9c606120a56fa54
ocm,ocm-clinical-and-staging,related_to,https://resdac.org/cms-data/files/ocm,data/raw/html/dataset_page/f0223675b06f55836c8cb294b7336b31c9bd2d57.html,c69b972327860c75549146caeae0a8bfc48c93472a019ec16611de4be67b17af
ocm,ocm-current-clinical-status,related_to,https://resdac.org/cms-data/files/ocm,data/raw/html/dataset_page/f0223675b06f55836c8cb294b7336b31c9bd2d57.html,c69b972327860c75549146caeae0a8bfc48c93472a019ec16611de4be67b17af
ocm,program_medicare,belongs_to,https://resdac.org/cms-data/files/ocm,data/raw/html/dataset_page/f0223675b06f55836c8cb294b7336b31c9bd2d57.html,c69b972327860c75549146caeae0a8bfc48c93472a019ec16611de4be67b17af
ocm-clinical-and-staging,program_medicare,belongs_to,https://resdac.org/cms-data/files/ocm-clinical-and-staging,data/raw/html/dataset_page/e67fb8194a56ec61aead4bd4580e766d10529ed2.html,dea7983151fc259e11287548ee87d1697aa5c838ea3e6ac0ca154f756c5ece1b
ocm-current-clinical-status,program_medicare,belongs_to,https://resdac.org/cms-data/files/ocm-current-clinical-status,data/raw/html/dataset_page/f1ac9f508a2284b35eb33f94c4a7438c882f785c.html,ce59bb73339d67afba70aef7353f6c950698fa8759784e9fa7b2182d3d0ba6a7
op-encounter,program_medicare,belongs_to,https://resdac.org/cms-data/files/op-encounter,data/raw/html/dataset_page/22973e62284e3eee94a2c77066ffab1230e5745c.html,b2f9b6d5453ee628e878b02fd01c219ef8d1da200f8ea477fae4ae30e5df9700
op-ffs,program_medicare,belongs_to,https://resdac.org/cms-data/files/op-ffs,data/raw/html/dataset_page/b6b40167443d5c022d6c5eb797e6d44cf35507ec.html,462fc6f9322a80527b7c98c656fc988257c243d5cbf2f011f02e55bac122c72e
part-d-drug-characteristics,pde,related_to,https://resdac.org/cms-data/files/part-d-drug-characteristics,data/raw/html/dataset_page/b4269402c704a3be3047575eff09335c9548adf0.html,a8afa4be20ad87971aa685ab0bf3bbf60549210eb3701b8e6ce9ac5e3616934f
part-d-drug-characteristics,program_medicare,belongs_to,https://resdac.org/cms-data/files/part-d-drug-characteristics,data/raw/html/dataset_page/b4269402c704a3be3047575eff09335c9548adf0.html,a8afa4be20ad87971aa685ab0bf3bbf60549210eb3701b8e6ce9ac5e3616934f
part-d-formulary,pde,related_to,https://resdac.org/cms-data/files/part-d-formulary,data/raw/html/dataset_page/0e103930bfe306b73fe57cfcf18e4e6a732393d0.html,76bbe9ac760c9cee8aefb8c81c8dbd8296eaa96b99c5d292fb864456e7b38014
part-d-formulary,program_medicare,belongs_to,https://resdac.org/cms-data/files/part-d-formulary,data/raw/html/dataset_page/0e103930bfe306b73fe57cfcf18e4e6a732393d0.html,76bbe9ac760c9cee8aefb8c81c8dbd8296eaa96b99c5d292fb864456e7b38014
part-d-formulary-file,part-d-formulary,related_to,https://resdac.org/cms-data/files/part-d-formulary-file,data/raw/html/dataset_page/0bf9771d496881228274f370db58a25aea9efa6f.html,b37fda0b57aa83f93c0e0df304aa69f7fdecb18ef52d2c77ede2701491f7fd45
part-d-formulary-file,pde,related_to,https://resdac.org/cms-data/files/part-d-formulary-file,data/raw/html/dataset_page/0bf9771d496881228274f370db58a25aea9efa6f.html,b37fda0b57aa83f93c0e0df304aa69f7fdecb18ef52d2c77ede2701491f7fd45
part-d-formulary-file,program_medicare,belongs_to,https://resdac.org/cms-data/files/part-d-formulary-file,data/raw/html/dataset_page/0bf9771d496881228274f370db58a25aea9efa6f.html,b37fda0b57aa83f93c0e0df304aa69f7fdecb18ef52d2c77ede2701491f7fd45
part-d-mtm,program_medicare,belongs_to,https://resdac.org/cms-data/files/part-d-mtm,data/raw/html/dataset_page/92f877ce64ac8a0cb2e4b27f1b2c3ec384191839.html,5e5ba6cc27108642dcb1006be8d527d2cedf15f353f539c2c72fe27d7baa21cd
part-d-pharmacy-characteristics,pde,related_to,https://resdac.org/cms-data/files/part-d-pharmacy-characteristics,data/raw/html/dataset_page/541baeea95d188c8d5aaa3d036611cb1af88bcff.html,b89242110e57f54bda757ec8f32aa31a6d74928963478aa3cd6f69b1899406a7
part-d-pharmacy-characteristics,program_medicare,belongs_to,https://resdac.org/cms-data/files/part-d-pharmacy-characteristics,data/raw/html/dataset_page/541baeea95d188c8d5aaa3d036611cb1af88bcff.html,b89242110e57f54bda757ec8f32aa31a6d74928963478aa3cd6f69b1899406a7
part-d-plan-election-type-beneficiary-summary,pde,related_to,https://resdac.org/cms-data/files/part-d-plan-election-type-beneficiary-summary,data/raw/html/dataset_page/fc95dabdf48b27f8ed244b5bce6514eee1ae4e27.html,14bcd34c1e3f7ae42d6e2a9a7095fa20f23ece00b487bdc3feaa54963b1002ff
part-d-plan-election-type-beneficiary-summary,program_medicare,belongs_to,https://resdac.org/cms-data/files/part-d-plan-election-type-beneficiary-summary,data/raw/html/dataset_page/fc95dabdf48b27f8ed244b5bce6514eee1ae4e27.html,14bcd34c1e3f7ae42d6e2a9a7095fa20f23ece00b487bdc3feaa54963b1002ff
part-d-prescriber-characteristics,pde,related_to,https://resdac.org/cms-data/files/part-d-prescriber-characteristics,data/raw/html/dataset_page/ed8746386872127918f67f0cf5cf3900b9dda0e6.html,032be11d815bbce2c5031f2cd0945ee2ace2dbf778b956f5e4d2d17e171a98c4
part-d-prescriber-characteristics,program_medicare,belongs_to,https://resdac.org/cms-data/files/part-d-prescriber-characteristics,data/raw/html/dataset_page/ed8746386872127918f67f0cf5cf3900b9dda0e6.html,032be11d815bbce2c5031f2cd0945ee2ace2dbf778b956f5e4d2d17e171a98c4
pde,part-d-drug-characteristics,related_to,https://resdac.org/cms-data/files/pde,data/raw/html/dataset_page/cdd884d3b81899cee979038fcfe2b0286b8be6d9.html,207d42c122ceb5f0704b75068f0b027fffed7651b7ccbb995dbf36c9a2ab3d76
pde,part-d-formulary-file,related_to,https://resdac.org/cms-data/files/pde,data/raw/html/dataset_page/cdd884d3b81899cee979038fcfe2b0286b8be6d9.html,207d42c122ceb5f0704b75068f0b027fffed7651b7ccbb995dbf36c9a2ab3d76
pde,part-d-pharmacy-characteristics,related_to,https://resdac.org/cms-data/files/pde,data/raw/html/dataset_page/cdd884d3b81899cee979038fcfe2b0286b8be6d9.html,207d42c122ceb5f0704b75068f0b027fffed7651b7ccbb995dbf36c9a2ab3d76
pde,part-d-prescriber-characteristics,related_to,https://resdac.org/cms-data/files/pde,data/raw/html/dataset_page/cdd884d3b81899cee979038fcfe2b0286b8be6d9.html,207d42c122ceb5f0704b75068f0b027fffed7651b7ccbb995dbf36c9a2ab3d76
pde,plan-characteristics,related_to,https://resdac.org/cms-data/files/pde,data/raw/html/dataset_page/cdd884d3b81899cee979038fcfe2b0286b8be6d9.html,207d42c122ceb5f0704b75068f0b027fffed7651b7ccbb995dbf36c9a2ab3d76
pde,program_medicare,belongs_to,https://resdac.org/cms-data/files/pde,data/raw/html/dataset_page/cdd884d3b81899cee979038fcfe2b0286b8be6d9.html,207d42c122ceb5f0704b75068f0b027fffed7651b7ccbb995dbf36c9a2ab3d76
pioneer-aco,program_medicare,belongs_to,https://resdac.org/cms-data/files/pioneer-aco,data/raw/html/dataset_page/fb3939b957813ca5fd21e0b1a725e4c9a5633f4a.html,4ba37d815bf6aab4de09bbbce63f6acbc379d75e05ef30450b86f8ba9e6c3b1b
plan-characteristics,pde,related_to,https://resdac.org/cms-data/files/plan-characteristics,data/raw/html/dataset_page/99b9b8961aaddd80bd94563dc284be0e33b0d76a.html,c034f7d5fa4a1ae5bafafde5a266f94d357f9edd0b8af00d28ec01df4f1e1d04
plan-characteristics,program_medicare,belongs_to,https://resdac.org/cms-data/files/plan-characteristics,data/raw/html/dataset_page/99b9b8961aaddd80bd94563dc284be0e33b0d76a.html,c034f7d5fa4a1ae5bafafde5a266f94d357f9edd0b8af00d28ec01df4f1e1d04
risk-score-base,program_medicare,belongs_to,https://resdac.org/cms-data/files/risk-score-base,data/raw/html/dataset_page/a908448a73ab3c65dfd95d8626da4db2940148f2.html,1d2f621fa1bf74911a2a277e14d67e342589a6f6d1a6a4d487e5ad3c9be62fde
risk-score-mofs,program_medicare,belongs_to,https://resdac.org/cms-data/files/risk-score-mofs,data/raw/html/dataset_page/5f790fcd9499f996f1cbe1ebbbb4d8aa4648a8e3.html,5efce7a7ac9f54daccfeebd117a98ce940da645e7b52285c9297477b90b4bbf0
snf-encounter,program_medicare,belongs_to,https://resdac.org/cms-data/files/snf-encounter,data/raw/html/dataset_page/c298ca60db439d8979df17cc3dc170729820e43b.html,528694872177c3569b05aa3630511e5cfc90c71fb8328ab0d844517b2f7b44a8
snf-ffs,program_medicare,belongs_to,https://resdac.org/cms-data/files/snf-ffs,data/raw/html/dataset_page/8377dc546ecfb2a54ed25e3e14aa2eeb838960e6.html,9e78bbb07b479094dd4f2c750e3b1c809adb14adb2e530ade3406f69dfa875a9
ssp-aco-beneficiary,program_medicare,belongs_to,https://resdac.org/cms-data/files/ssp-aco-beneficiary,data/raw/html/dataset_page/851e2f88706bf729d191326e820cefd76c359914.html,57ef38f6469370038219ad60ef1e6441d81e6e20edd1e0b8a1aab78c5bf7c219
ssp-aco-provider,program_medicare,belongs_to,https://resdac.org/cms-data/files/ssp-aco-provider,data/raw/html/dataset_page/fb2a7214beb51ea5c91964981c4777dbc7fd7664.html,3213b0965944611c44465c279687e86456508cd31ae88bef50a8c260cbb050ad
taf-apl,program_medicaid,belongs_to,https://resdac.org/cms-data/files/taf-apl,data/raw/html/dataset_page/2b82e934c59155c82d8d097d9c9967f22ca861d6.html,190cbd20cc47a1131677235def090e5f54e1ebbfdfc5df44130acd7837919654
taf-apr,program_medicaid,belongs_to,https://resdac.org/cms-data/files/taf-apr,data/raw/html/dataset_page/81facd64260398256b70954b1dc6a5772e920097.html,9ac01cd430ce7a0ba5605c84423389e8ca48fe309a8fc42cc4210d3994ed3ca2
taf-de,max-ps,related_to,https://resdac.org/cms-data/files/taf-de,data/raw/html/dataset_page/210e4a188a4be86fbb03b881114a897529c30c3c.html,bafd1f4eb8274117072b20ee47371edc719bf81fadf2d496ef16197b42210981
taf-de,program_medicaid,belongs_to,https://resdac.org/cms-data/files/taf-de,data/raw/html/dataset_page/210e4a188a4be86fbb03b881114a897529c30c3c.html,bafd1f4eb8274117072b20ee47371edc719bf81fadf2d496ef16197b42210981
taf-ip,max-ip,related_to,https://resdac.org/cms-data/files/taf-ip,data/raw/html/dataset_page/5a075429c574797815c4e25ee13d785ad327f696.html,97504b6af96cbbbc81fe8c49352feecd35ab474dd851714631ac53b5bea25ded
taf-ip,program_medicaid,belongs_to,https://resdac.org/cms-data/files/taf-ip,data/raw/html/dataset_page/5a075429c574797815c4e25ee13d785ad327f696.html,97504b6af96cbbbc81fe8c49352feecd35ab474dd851714631ac53b5bea25ded
taf-lt,max-lt,related_to,https://resdac.org/cms-data/files/taf-lt,data/raw/html/dataset_page/c974358335ae2d04e168a9d06399d1a28835ea99.html,6edc60e33918a58989d363112edf89fa80975051a7494db71b7888f7e678236c
taf-lt,program_medicaid,belongs_to,https://resdac.org/cms-data/files/taf-lt,data/raw/html/dataset_page/c974358335ae2d04e168a9d06399d1a28835ea99.html,6edc60e33918a58989d363112edf89fa80975051a7494db71b7888f7e678236c
taf-ot,max-ot,related_to,https://resdac.org/cms-data/files/taf-ot,data/raw/html/dataset_page/e035d9a83c53da628f0acde8956ee6d584a56959.html,22ddebf0e4c37519a6eb3d33711f7d0df778913ac0e382b9749897873b3f9a05
taf-ot,program_medicaid,belongs_to,https://resdac.org/cms-data/files/taf-ot,data/raw/html/dataset_page/e035d9a83c53da628f0acde8956ee6d584a56959.html,22ddebf0e4c37519a6eb3d33711f7d0df778913ac0e382b9749897873b3f9a05
taf-rx,max-rx,related_to,https://resdac.org/cms-data/files/taf-rx,data/raw/html/dataset_page/03d1c633e688040a12e27610be256f8cc091aaf0.html,f067414f264afe4baebd0c7cb0e85dfed21fe3f13ecdd2ae76a2fd51f6d2cb8a
taf-rx,program_medicaid,belongs_to,https://resdac.org/cms-data/files/taf-rx,data/raw/html/dataset_page/03d1c633e688040a12e27610be256f8cc091aaf0.html,f067414f264afe4baebd0c7cb0e85dfed21fe3f13ecdd2ae76a2fd51f6d2cb8a
vm-beneficiary,program_medicare,belongs_to,https://resdac.org/cms-data/files/vm-beneficiary,data/raw/html/dataset_page/3653a61ab2265561a4d3c9f1514c804364c08c00.html,e8bbcdcab2ce80eaf8184aef8afed9cb64df17246b33b23f6aab31b25ab63d16
vm-npi-practice,program_medicare,belongs_to,https://resdac.org/cms-data/files/vm-npi-practice,data/raw/html/dataset_page/01eb4fe57527d05d88b1ecd7f5129931a5bb5a3b.html,7ede16097e801b2093469f14acc90e11b9252b8d4eb7b95231e8d57c39e47bef
vm-practice,program_medicare,belongs_to,https://resdac.org/cms-data/files/vm-practice,data/raw/html/dataset_page/34fdc792e002fce269f5f69b4a6da2e20bbfc4fa.html,9383de64dac78b56e5e4b8052f82a9c01264914989fb3dac04daa262aae3ab6d
